"run_index","run_id","mode","samples","nominal_snr_db","snr_mean_db","snr_min_db","snr_max_db","snr_std_db","channel_gain_mean_db","channel_gain_min_db","channel_gain_max_db","channel_gain_std_db","source_snr","source_gain"
"1","ui_offline_gpu_20260531_193202","offline_gpu_predicted_power","181",,,,,,"-3.3519390220994456","-15.404493","3.209366","5.913469908238546","","data\datasets\transmission_file\Rx\ui_offline_gpu_20260531_193202\predicted_relative_power_trace_db.csv"
"2","ui_offline_gpu_20260531_194833","offline_gpu_predicted_power","22",,,,,,"0.8569606363636363","-1.040243","2.682329","0.9232730368524178","","data\datasets\transmission_file\Rx\ui_offline_gpu_20260531_194833\predicted_relative_power_trace_db.csv"
"3","ui_offline_gpu_20260531_194907","offline_gpu_predicted_power","74",,,,,,"-7.1339950270270265","-23.603724","2.620896","10.174076775288485","","data\datasets\transmission_file\Rx\ui_offline_gpu_20260531_194907\predicted_relative_power_trace_db.csv"
"4","ui_offline_gpu_20260531_194943","offline_gpu_predicted_power","126",,,,,,"-12.946494888888893","-24","2.620896","10.4610958031429","","data\datasets\transmission_file\Rx\ui_offline_gpu_20260531_194943\predicted_relative_power_trace_db.csv"
"5","ui_offline_gpu_20260531_203340","offline_gpu_simulated_channel","900","24","9.457291412222222","4","16.987339","4.634610758161547","-14.542708587777788","-20","-7.012661","4.6346107581615525","data\datasets\transmission_file\Rx\ui_offline_gpu_20260531_203340\simulated_snr_trace_db.csv","data\datasets\transmission_file\Rx\ui_offline_gpu_20260531_203340\simulated_channel_gain_trace_db.csv"
"6","ui_offline_gpu_20260531_203353","offline_gpu_simulated_channel","1800","24","11.444650803333321","4","19.996715","4.927820830221741","-12.555349196666679","-20","-4.003285","4.927820830221741","data\datasets\transmission_file\Rx\ui_offline_gpu_20260531_203353\simulated_snr_trace_db.csv","data\datasets\transmission_file\Rx\ui_offline_gpu_20260531_203353\simulated_channel_gain_trace_db.csv"
"7","ui_offline_gpu_20260531_203508","offline_gpu_simulated_channel","1800","24","11.40489387222222","4","19.974077","4.901276725742162","-12.595106127777779","-20","-4.025923","4.901276725742162","data\datasets\transmission_file\Rx\ui_offline_gpu_20260531_203508\simulated_snr_trace_db.csv","data\datasets\transmission_file\Rx\ui_offline_gpu_20260531_203508\simulated_channel_gain_trace_db.csv"
"8","ui_offline_gpu_20260531_230230","offline_gpu_simulated_channel","900","24","9.551161342222219","4","16.990369","4.661177574104257","-14.448838657777777","-20","-7.009631","4.661177574104254","data\datasets\transmission_file\Rx\ui_offline_gpu_20260531_230230\simulated_snr_trace_db.csv","data\datasets\transmission_file\Rx\ui_offline_gpu_20260531_230230\simulated_channel_gain_trace_db.csv"
"9","ui_offline_gpu_20260531_230245","offline_gpu_simulated_channel","900","24","9.56880004666667","4","16.981689","4.764778778248267","-14.431199953333335","-20","-7.018311","4.764778778248269","data\datasets\transmission_file\Rx\ui_offline_gpu_20260531_230245\simulated_snr_trace_db.csv","data\datasets\transmission_file\Rx\ui_offline_gpu_20260531_230245\simulated_channel_gain_trace_db.csv"
"10","ui_offline_gpu_20260531_230255","offline_gpu_simulated_channel","900","24","9.54013715777777","4","16.982389","4.676535996524561","-14.459862842222224","-20","-7.017611","4.676535996524559","data\datasets\transmission_file\Rx\ui_offline_gpu_20260531_230255\simulated_snr_trace_db.csv","data\datasets\transmission_file\Rx\ui_offline_gpu_20260531_230255\simulated_channel_gain_trace_db.csv"
"11","ui_offline_gpu_20260531_230324","offline_gpu_simulated_channel","1800","24","11.39893508055555","4","19.989783","4.9262210806532645","-12.601064919444436","-20","-4.010217","4.926221080653259","data\datasets\transmission_file\Rx\ui_offline_gpu_20260531_230324\simulated_snr_trace_db.csv","data\datasets\transmission_file\Rx\ui_offline_gpu_20260531_230324\simulated_channel_gain_trace_db.csv"
"12","ui_offline_gpu_20260531_231140","offline_gpu_simulated_channel","6000","24","12.904253475500008","4","19.999837","4.13452277252701","-11.095746524499956","-20","-4.000163","4.134522772527008","data\datasets\transmission_file\Rx\ui_offline_gpu_20260531_231140\simulated_snr_trace_db.csv","data\datasets\transmission_file\Rx\ui_offline_gpu_20260531_231140\simulated_channel_gain_trace_db.csv"
"13","ui_offline_gpu_20260531_231153","offline_gpu_simulated_channel","6000","24","12.907872569166653","4","19.996626","4.129848700470196","-11.092127430833346","-20","-4.003374","4.129848700470195","data\datasets\transmission_file\Rx\ui_offline_gpu_20260531_231153\simulated_snr_trace_db.csv","data\datasets\transmission_file\Rx\ui_offline_gpu_20260531_231153\simulated_channel_gain_trace_db.csv"
"14","ui_offline_gpu_20260531_231213","offline_gpu_simulated_channel","6000","24","12.908275833666611","4","19.994517","4.148347033221354","-11.091724166333382","-20","-4.005483","4.148347033221354","data\datasets\transmission_file\Rx\ui_offline_gpu_20260531_231213\simulated_snr_trace_db.csv","data\datasets\transmission_file\Rx\ui_offline_gpu_20260531_231213\simulated_channel_gain_trace_db.csv"
"15","ui_offline_gpu_20260531_231248","offline_gpu_simulated_channel","6000","24","12.888196674333322","4","19.999538","4.134180238815955","-11.111803325666644","-20","-4.000462","4.134180238815954","data\datasets\transmission_file\Rx\ui_offline_gpu_20260531_231248\simulated_snr_trace_db.csv","data\datasets\transmission_file\Rx\ui_offline_gpu_20260531_231248\simulated_channel_gain_trace_db.csv"
"16","ui_offline_gpu_20260531_232044","offline_gpu_simulated_channel","6000","24","12.882703941666609","4","19.997351","4.114964474515458","-11.117296058333375","-20","-4.002649","4.114964474515468","data\datasets\transmission_file\Rx\ui_offline_gpu_20260531_232044\simulated_snr_trace_db.csv","data\datasets\transmission_file\Rx\ui_offline_gpu_20260531_232044\simulated_channel_gain_trace_db.csv"
"17","ui_offline_gpu_20260531_232701","offline_gpu_simulated_channel","6000","24","12.902359632166664","4","19.998769","4.132593222276997","-11.097640367833298","-20","-4.001231","4.132593222276998","data\datasets\transmission_file\Rx\ui_offline_gpu_20260531_232701\simulated_snr_trace_db.csv","data\datasets\transmission_file\Rx\ui_offline_gpu_20260531_232701\simulated_channel_gain_trace_db.csv"
"18","ui_offline_gpu_20260531_232710","offline_gpu_simulated_channel","6000","24","12.901510341000025","4","19.999987","4.143604474315941","-11.098489658999963","-20","-4.000013","4.143604474315939","data\datasets\transmission_file\Rx\ui_offline_gpu_20260531_232710\simulated_snr_trace_db.csv","data\datasets\transmission_file\Rx\ui_offline_gpu_20260531_232710\simulated_channel_gain_trace_db.csv"
"19","ui_offline_gpu_20260531_234255","offline_gpu_simulated_channel","6000","24","12.90595400883334","4","19.998636","4.110168758026715","-11.094045991166633","-20","-4.001364","4.110168758026712","data\datasets\transmission_file\Rx\ui_offline_gpu_20260531_234255\simulated_snr_trace_db.csv","data\datasets\transmission_file\Rx\ui_offline_gpu_20260531_234255\simulated_channel_gain_trace_db.csv"
"20","ui_offline_gpu_20260531_234308","offline_gpu_simulated_channel","6000","24","12.904738575333344","4","19.992674","4.135561880162974","-11.095261424666663","-20","-4.007326","4.135561880162973","data\datasets\transmission_file\Rx\ui_offline_gpu_20260531_234308\simulated_snr_trace_db.csv","data\datasets\transmission_file\Rx\ui_offline_gpu_20260531_234308\simulated_channel_gain_trace_db.csv"
"21","ui_offline_gpu_20260531_234436","offline_gpu_simulated_channel","6000","24","12.94011670199996","4","19.996165","4.130201004004691","-11.05988329800002","-20","-4.003835","4.130201004004694","data\datasets\transmission_file\Rx\ui_offline_gpu_20260531_234436\simulated_snr_trace_db.csv","data\datasets\transmission_file\Rx\ui_offline_gpu_20260531_234436\simulated_channel_gain_trace_db.csv"
"22","ui_offline_gpu_20260531_234527","offline_gpu_simulated_channel","6000","24","12.92450139949999","4","19.998175","4.128240553529514","-11.075498600500019","-20","-4.001825","4.128240553529515","data\datasets\transmission_file\Rx\ui_offline_gpu_20260531_234527\simulated_snr_trace_db.csv","data\datasets\transmission_file\Rx\ui_offline_gpu_20260531_234527\simulated_channel_gain_trace_db.csv"
"23","ui_offline_gpu_20260531_234737","offline_gpu_simulated_channel","6000","24","12.89915168766667","4","19.992645","4.097856169027247","-11.10084831233334","-20","-4.007355","4.097856169027246","data\datasets\transmission_file\Rx\ui_offline_gpu_20260531_234737\simulated_snr_trace_db.csv","data\datasets\transmission_file\Rx\ui_offline_gpu_20260531_234737\simulated_channel_gain_trace_db.csv"
"24","ui_offline_gpu_20260531_235218","offline_gpu_simulated_channel","6000","24","12.90238903633331","4","19.989857","4.128925951323748","-11.097610963666671","-20","-4.010143","4.128925951323758","data\datasets\transmission_file\Rx\ui_offline_gpu_20260531_235218\simulated_snr_trace_db.csv","data\datasets\transmission_file\Rx\ui_offline_gpu_20260531_235218\simulated_channel_gain_trace_db.csv"
"25","ui_offline_gpu_20260531_235233","offline_gpu_simulated_channel","6000","24","12.91150224516662","4","19.999879","4.144850898122081","-11.088497754833343","-20","-4.000121","4.144850898122075","data\datasets\transmission_file\Rx\ui_offline_gpu_20260531_235233\simulated_snr_trace_db.csv","data\datasets\transmission_file\Rx\ui_offline_gpu_20260531_235233\simulated_channel_gain_trace_db.csv"
"26","ui_offline_gpu_20260531_235258","offline_gpu_simulated_channel","6000","24","12.89416975916664","4","19.998898","4.154609482157145","-11.105830240833345","-20","-4.001102","4.1546094821571495","data\datasets\transmission_file\Rx\ui_offline_gpu_20260531_235258\simulated_snr_trace_db.csv","data\datasets\transmission_file\Rx\ui_offline_gpu_20260531_235258\simulated_channel_gain_trace_db.csv"
"27","ui_offline_gpu_20260531_235332","offline_gpu_simulated_channel","6000","24","12.937911337000001","4","19.99392","4.116262200729768","-11.062088663000003","-20","-4.00608","4.116262200729769","data\datasets\transmission_file\Rx\ui_offline_gpu_20260531_235332\simulated_snr_trace_db.csv","data\datasets\transmission_file\Rx\ui_offline_gpu_20260531_235332\simulated_channel_gain_trace_db.csv"
"28","ui_offline_gpu_20260531_235520","offline_gpu_simulated_channel","6000","24","12.89575298800001","4","19.998703","4.127022847289875","-11.104247012000007","-20","-4.001297","4.127022847289874","data\datasets\transmission_file\Rx\ui_offline_gpu_20260531_235520\simulated_snr_trace_db.csv","data\datasets\transmission_file\Rx\ui_offline_gpu_20260531_235520\simulated_channel_gain_trace_db.csv"
"29","ui_offline_gpu_20260531_235645","offline_gpu_simulated_channel","6000","24","12.909057836833373","4","19.994945","4.122058235608964","-11.090942163166641","-20","-4.005055","4.122058235608963","data\datasets\transmission_file\Rx\ui_offline_gpu_20260531_235645\simulated_snr_trace_db.csv","data\datasets\transmission_file\Rx\ui_offline_gpu_20260531_235645\simulated_channel_gain_trace_db.csv"
"30","ui_offline_gpu_20260531_235653","offline_gpu_simulated_channel","6000","24","12.924196769666668","4","19.99608","4.11130534875335","-11.075803230333378","-20","-4.00392","4.111305348753349","data\datasets\transmission_file\Rx\ui_offline_gpu_20260531_235653\simulated_snr_trace_db.csv","data\datasets\transmission_file\Rx\ui_offline_gpu_20260531_235653\simulated_channel_gain_trace_db.csv"
"31","ui_offline_gpu_20260531_235753","offline_gpu_simulated_channel","6000","24","12.919636874000043","4","19.999658","4.131320208399302","-11.080363126000009","-20","-4.000342","4.131320208399308","data\datasets\transmission_file\Rx\ui_offline_gpu_20260531_235753\simulated_snr_trace_db.csv","data\datasets\transmission_file\Rx\ui_offline_gpu_20260531_235753\simulated_channel_gain_trace_db.csv"
"32","ui_offline_gpu_20260601_000621","offline_gpu_simulated_channel","6000","24","12.920389550166648","4","19.998899","4.122119890571017","-11.07961044983332","-20","-4.001101","4.122119890571032","data\datasets\transmission_file\Rx\ui_offline_gpu_20260601_000621\simulated_snr_trace_db.csv","data\datasets\transmission_file\Rx\ui_offline_gpu_20260601_000621\simulated_channel_gain_trace_db.csv"
"33","ui_offline_gpu_20260601_000852","offline_gpu_simulated_channel","6000","24","12.91890429649998","4","19.996599","4.127892415889892","-11.081095703499994","-20","-4.003401","4.12789241588989","data\datasets\transmission_file\Rx\ui_offline_gpu_20260601_000852\simulated_snr_trace_db.csv","data\datasets\transmission_file\Rx\ui_offline_gpu_20260601_000852\simulated_channel_gain_trace_db.csv"
"34","ui_offline_gpu_20260601_000906","offline_gpu_simulated_channel","6000","24","12.913836922333358","4","19.999632","4.1062227155648126","-11.086163077666649","-20","-4.000368","4.106222715564815","data\datasets\transmission_file\Rx\ui_offline_gpu_20260601_000906\simulated_snr_trace_db.csv","data\datasets\transmission_file\Rx\ui_offline_gpu_20260601_000906\simulated_channel_gain_trace_db.csv"
"35","ui_offline_gpu_20260601_001117","offline_gpu_simulated_channel","6000","24","12.918494260833302","4","19.993608","4.103623706912686","-11.081505739166658","-20","-4.006392","4.103623706912686","data\datasets\transmission_file\Rx\ui_offline_gpu_20260601_001117\simulated_snr_trace_db.csv","data\datasets\transmission_file\Rx\ui_offline_gpu_20260601_001117\simulated_channel_gain_trace_db.csv"
"36","ui_offline_gpu_20260601_002127","offline_gpu_simulated_channel","6000","24","12.94450177499997","4","19.997535","4.110987667324504","-11.05549822499999","-20","-4.002465","4.110987667324499","data\datasets\transmission_file\Rx\ui_offline_gpu_20260601_002127\simulated_snr_trace_db.csv","data\datasets\transmission_file\Rx\ui_offline_gpu_20260601_002127\simulated_channel_gain_trace_db.csv"
"37","ui_offline_gpu_20260601_002221","offline_gpu_simulated_channel","6000","24","12.902475400666685","4","19.998262","4.129164694851753","-11.09752459933335","-20","-4.001738","4.129164694851739","data\datasets\transmission_file\Rx\ui_offline_gpu_20260601_002221\simulated_snr_trace_db.csv","data\datasets\transmission_file\Rx\ui_offline_gpu_20260601_002221\simulated_channel_gain_trace_db.csv"
"38","ui_offline_gpu_20260601_002244","offline_gpu_simulated_channel","6000","24","12.910539990500009","4","19.997437","4.129890744867304","-11.089460009500016","-20","-4.002563","4.1298907448673035","data\datasets\transmission_file\Rx\ui_offline_gpu_20260601_002244\simulated_snr_trace_db.csv","data\datasets\transmission_file\Rx\ui_offline_gpu_20260601_002244\simulated_channel_gain_trace_db.csv"
"39","ui_offline_gpu_20260601_002408","offline_gpu_simulated_channel","6000","24","12.917437731333322","4","19.989833","4.145454483451339","-11.082562268666674","-20","-4.010167","4.145454483451339","data\datasets\transmission_file\Rx\ui_offline_gpu_20260601_002408\simulated_snr_trace_db.csv","data\datasets\transmission_file\Rx\ui_offline_gpu_20260601_002408\simulated_channel_gain_trace_db.csv"
"40","ui_offline_gpu_20260601_002440","offline_gpu_simulated_channel","6000","24","12.88746526483334","4","19.999632","4.107662630215101","-11.112534735166657","-20","-4.000368","4.107662630215101","data\datasets\transmission_file\Rx\ui_offline_gpu_20260601_002440\simulated_snr_trace_db.csv","data\datasets\transmission_file\Rx\ui_offline_gpu_20260601_002440\simulated_channel_gain_trace_db.csv"
"41","ui_offline_gpu_20260601_135338","offline_gpu_simulated_channel","6000","24","12.899961923999978","4","19.99432","4.134270227583589","-11.100038075999999","-20","-4.00568","4.134270227583585","data\datasets\transmission_file\Rx\ui_offline_gpu_20260601_135338\simulated_snr_trace_db.csv","data\datasets\transmission_file\Rx\ui_offline_gpu_20260601_135338\simulated_channel_gain_trace_db.csv"
"42","ui_offline_gpu_20260601_135414","offline_gpu_simulated_channel","6000","24","12.932550855500015","4","19.997128","4.113016605734207","-11.067449144499967","-20","-4.002872","4.1130166057342175","data\datasets\transmission_file\Rx\ui_offline_gpu_20260601_135414\simulated_snr_trace_db.csv","data\datasets\transmission_file\Rx\ui_offline_gpu_20260601_135414\simulated_channel_gain_trace_db.csv"
"43","ui_offline_gpu_20260601_210046","offline_gpu_simulated_channel","6000","24","12.906969272666666","4","19.997047","4.110861373059691","-11.093030727333334","-20","-4.002953","4.110861373059691","data\datasets\transmission_file\Rx\ui_offline_gpu_20260601_210046\simulated_snr_trace_db.csv","data\datasets\transmission_file\Rx\ui_offline_gpu_20260601_210046\simulated_channel_gain_trace_db.csv"
"44","ui_offline_gpu_20260601_210109","offline_gpu_simulated_channel","6000","24","12.915288857833325","4","19.997631","4.099545287875942","-11.084711142166656","-20","-4.002369","4.099545287875943","data\datasets\transmission_file\Rx\ui_offline_gpu_20260601_210109\simulated_snr_trace_db.csv","data\datasets\transmission_file\Rx\ui_offline_gpu_20260601_210109\simulated_channel_gain_trace_db.csv"
"45","ui_offline_gpu_20260601_210133","offline_gpu_simulated_channel","6000","24","12.919726518500033","4","19.998102","4.148710633264149","-11.080273481500008","-20","-4.001898","4.148710633264157","data\datasets\transmission_file\Rx\ui_offline_gpu_20260601_210133\simulated_snr_trace_db.csv","data\datasets\transmission_file\Rx\ui_offline_gpu_20260601_210133\simulated_channel_gain_trace_db.csv"
"46","ui_offline_gpu_20260601_210327","offline_gpu_simulated_channel","6000","24","12.917002542333352","4","19.999775","4.12472184627586","-11.08299745766665","-20","-4.000225","4.124721846275857","data\datasets\transmission_file\Rx\ui_offline_gpu_20260601_210327\simulated_snr_trace_db.csv","data\datasets\transmission_file\Rx\ui_offline_gpu_20260601_210327\simulated_channel_gain_trace_db.csv"
"47","ui_offline_gpu_20260601_210349","offline_gpu_simulated_channel","6000","24","12.906862744333361","4","19.999156","4.142577698682319","-11.093137255666658","-20","-4.000844","4.142577698682324","data\datasets\transmission_file\Rx\ui_offline_gpu_20260601_210349\simulated_snr_trace_db.csv","data\datasets\transmission_file\Rx\ui_offline_gpu_20260601_210349\simulated_channel_gain_trace_db.csv"
"48","ui_offline_gpu_20260601_210415","offline_gpu_simulated_channel","6000","24","12.911642474833325","4","19.99986","4.114029437868945","-11.088357525166664","-20","-4.00014","4.114029437868945","data\datasets\transmission_file\Rx\ui_offline_gpu_20260601_210415\simulated_snr_trace_db.csv","data\datasets\transmission_file\Rx\ui_offline_gpu_20260601_210415\simulated_channel_gain_trace_db.csv"
"49","ui_offline_gpu_20260601_211016","offline_gpu_simulated_channel","6000","24","12.912186522500003","4","19.989789","4.131530477563295","-11.087813477499992","-20","-4.010211","4.131530477563295","data\datasets\transmission_file\Rx\ui_offline_gpu_20260601_211016\simulated_snr_trace_db.csv","data\datasets\transmission_file\Rx\ui_offline_gpu_20260601_211016\simulated_channel_gain_trace_db.csv"
"50","ui_offline_gpu_20260601_212927","offline_gpu_simulated_channel","6000","24","12.8616932625","4","19.984316","4.112915235658187","-11.13830673749999","-20","-4.015684","4.112915235658186","data\datasets\transmission_file\Rx\ui_offline_gpu_20260601_212927\simulated_snr_trace_db.csv","data\datasets\transmission_file\Rx\ui_offline_gpu_20260601_212927\simulated_channel_gain_trace_db.csv"
"51","ui_offline_gpu_20260601_212958","offline_gpu_simulated_channel","6000","24","12.907178513166674","4","19.998082","4.110643716286421","-11.092821486833342","-20","-4.001918","4.110643716286422","data\datasets\transmission_file\Rx\ui_offline_gpu_20260601_212958\simulated_snr_trace_db.csv","data\datasets\transmission_file\Rx\ui_offline_gpu_20260601_212958\simulated_channel_gain_trace_db.csv"
"52","ui_offline_gpu_20260601_213201","offline_gpu_simulated_channel","6000","24","12.899749753499986","4","19.995219","4.124672445323732","-11.100250246499987","-20","-4.004781","4.12467244532373","data\datasets\transmission_file\Rx\ui_offline_gpu_20260601_213201\simulated_snr_trace_db.csv","data\datasets\transmission_file\Rx\ui_offline_gpu_20260601_213201\simulated_channel_gain_trace_db.csv"
"53","ui_offline_gpu_20260601_213231","offline_gpu_simulated_channel","6000","24","12.902689697499957","4","19.998109","4.1261094885342375","-11.097310302499999","-20","-4.001891","4.126109488534234","data\datasets\transmission_file\Rx\ui_offline_gpu_20260601_213231\simulated_snr_trace_db.csv","data\datasets\transmission_file\Rx\ui_offline_gpu_20260601_213231\simulated_channel_gain_trace_db.csv"
"54","ui_offline_gpu_20260601_213448","offline_gpu_simulated_channel","6000","24","12.93936683199999","4","19.99534","4.136833896007819","-11.06063316800001","-20","-4.00466","4.136833896007819","data\datasets\transmission_file\Rx\ui_offline_gpu_20260601_213448\simulated_snr_trace_db.csv","data\datasets\transmission_file\Rx\ui_offline_gpu_20260601_213448\simulated_channel_gain_trace_db.csv"
"55","ui_offline_gpu_20260601_213915","offline_gpu_simulated_channel","6000","24","12.914144146999991","4","19.999111","4.127800900657143","-11.085855853000016","-20","-4.000889","4.127800900657144","data\datasets\transmission_file\Rx\ui_offline_gpu_20260601_213915\simulated_snr_trace_db.csv","data\datasets\transmission_file\Rx\ui_offline_gpu_20260601_213915\simulated_channel_gain_trace_db.csv"
"56","ui_offline_gpu_20260601_214112","offline_gpu_simulated_channel","6000","24","12.906829768833338","4","19.99854","4.136150566108136","-11.093170231166653","-20","-4.00146","4.1361505661081335","data\datasets\transmission_file\Rx\ui_offline_gpu_20260601_214112\simulated_snr_trace_db.csv","data\datasets\transmission_file\Rx\ui_offline_gpu_20260601_214112\simulated_channel_gain_trace_db.csv"
"57","ui_offline_gpu_20260601_214144","offline_gpu_simulated_channel","6000","24","12.887326555666672","4","19.999547","4.106827487377048","-11.11267344433332","-20","-4.000453","4.106827487377046","data\datasets\transmission_file\Rx\ui_offline_gpu_20260601_214144\simulated_snr_trace_db.csv","data\datasets\transmission_file\Rx\ui_offline_gpu_20260601_214144\simulated_channel_gain_trace_db.csv"
"58","ui_offline_gpu_20260601_221657","offline_gpu_simulated_channel","6000","24","12.900696555166624","4","19.998463","4.124237127925121","-11.099303444833351","-20","-4.001537","4.124237127925121","data\datasets\transmission_file\Rx\ui_offline_gpu_20260601_221657\simulated_snr_trace_db.csv","data\datasets\transmission_file\Rx\ui_offline_gpu_20260601_221657\simulated_channel_gain_trace_db.csv"
"59","ui_offline_gpu_20260601_221716","offline_gpu_simulated_channel","6000","24","12.881112172666656","4","19.997889","4.13302307810814","-11.118887827333369","-20","-4.002111","4.133023078108142","data\datasets\transmission_file\Rx\ui_offline_gpu_20260601_221716\simulated_snr_trace_db.csv","data\datasets\transmission_file\Rx\ui_offline_gpu_20260601_221716\simulated_channel_gain_trace_db.csv"
"60","ui_offline_gpu_20260601_221741","offline_gpu_simulated_channel","6000","24","12.917166350833318","4","19.995183","4.112551265114178","-11.082833649166666","-20","-4.004817","4.112551265114178","data\datasets\transmission_file\Rx\ui_offline_gpu_20260601_221741\simulated_snr_trace_db.csv","data\datasets\transmission_file\Rx\ui_offline_gpu_20260601_221741\simulated_channel_gain_trace_db.csv"
"61","ui_offline_gpu_20260601_221808","offline_gpu_simulated_channel","6000","24","12.910286845333305","4","19.999347","4.123019253086509","-11.089713154666681","-20","-4.000653","4.123019253086508","data\datasets\transmission_file\Rx\ui_offline_gpu_20260601_221808\simulated_snr_trace_db.csv","data\datasets\transmission_file\Rx\ui_offline_gpu_20260601_221808\simulated_channel_gain_trace_db.csv"
"62","ui_offline_gpu_20260601_222807","offline_gpu_simulated_channel","6000","24","12.902109198000037","4","19.999663","4.1188836631234755","-11.097890801999988","-20","-4.000337","4.118883663123478","data\datasets\transmission_file\Rx\ui_offline_gpu_20260601_222807\simulated_snr_trace_db.csv","data\datasets\transmission_file\Rx\ui_offline_gpu_20260601_222807\simulated_channel_gain_trace_db.csv"
"63","ui_offline_gpu_20260601_222853","offline_gpu_simulated_channel","6000","24","12.912550894166698","4","19.993765","4.127854637516938","-11.087449105833322","-20","-4.006235","4.127854637516942","data\datasets\transmission_file\Rx\ui_offline_gpu_20260601_222853\simulated_snr_trace_db.csv","data\datasets\transmission_file\Rx\ui_offline_gpu_20260601_222853\simulated_channel_gain_trace_db.csv"
