source_file,test_group,code_family,code_id,code_type,standard,N,K,code_rate,decoder,modulation,ebn0_db,snr_db,frames,error_frames,bit_errors,ber,fer,throughput_mbps,goodput_mbps,fps,avg_frame_latency_ms,tx_throughput_mbps,rx_demod_throughput_mbps,fec_throughput_mbps,tx_latency_ms,rx_demod_latency_ms,fec_latency_ms,notes
E:\Codex\usrp_plt_1\build\uhd_cpp_gpu_pipeline\logs\fer_qpsk_dvbs2_500k_ebn0_0_05_8_20260524_232200\offline_gpu\CCSDS_ldpc_n128_k64_qpsk_cuda-bp-osd_EbN0_0dB.log,history_fer_dvbs2_qpsk,CCSDS,CCSDS_ldpc_n128_k64,LDPC,CCSDS,128,64,0.5,CUDA BP-OSD,qpsk,0.0,0.0,500000.0,500000.0,845807.0,0.1089,1.0,NA,0.0,1438.21,NA,NA,149.9,15.35,NA,0.0512,0.5002,
E:\Codex\usrp_plt_1\build\uhd_cpp_gpu_pipeline\logs\fer_qpsk_dvbs2_500k_ebn0_0_05_8_20260524_232200\offline_gpu\CCSDS_ldpc_n128_k64_qpsk_cuda-bp-osd_EbN0_0.5dB.log,history_fer_dvbs2_qpsk,CCSDS,CCSDS_ldpc_n128_k64,LDPC,CCSDS,128,64,0.5,CUDA BP-OSD,qpsk,0.5,0.5,500000.0,500000.0,491718.0,0.06337,1.0,NA,0.0,1455.4,NA,NA,153.93,15.61,NA,0.0499,0.4921,
E:\Codex\usrp_plt_1\build\uhd_cpp_gpu_pipeline\logs\fer_qpsk_dvbs2_500k_ebn0_0_05_8_20260524_232200\offline_gpu\CCSDS_ldpc_n128_k64_qpsk_cuda-bp-osd_EbN0_1dB.log,history_fer_dvbs2_qpsk,CCSDS,CCSDS_ldpc_n128_k64,LDPC,CCSDS,128,64,0.5,CUDA BP-OSD,qpsk,1.0,1.0,500000.0,500000.0,229308.0,0.02959,1.0,NA,0.0,1560.02,NA,NA,158.66,17.07,NA,0.0484,0.4498,
E:\Codex\usrp_plt_1\build\uhd_cpp_gpu_pipeline\logs\fer_qpsk_dvbs2_500k_ebn0_0_05_8_20260524_232200\offline_gpu\CCSDS_ldpc_n128_k64_qpsk_cuda-bp-osd_EbN0_1.5dB.log,history_fer_dvbs2_qpsk,CCSDS,CCSDS_ldpc_n128_k64,LDPC,CCSDS,128,64,0.5,CUDA BP-OSD,qpsk,1.5,1.5,500000.0,498870.0,82087.0,0.01069,0.9977,NA,0.03,1705.42,NA,NA,157.64,19.38,NA,0.0487,0.3964,
E:\Codex\usrp_plt_1\build\uhd_cpp_gpu_pipeline\logs\fer_qpsk_dvbs2_500k_ebn0_0_05_8_20260524_232200\offline_gpu\CCSDS_ldpc_n128_k64_qpsk_cuda-bp-osd_EbN0_2dB.log,history_fer_dvbs2_qpsk,CCSDS,CCSDS_ldpc_n128_k64,LDPC,CCSDS,128,64,0.5,CUDA BP-OSD,qpsk,2.0,2.0,500000.0,406400.0,22889.0,0.002923,0.8128,NA,2.75,1915.68,NA,NA,160.26,23.27,NA,0.0479,0.33,
E:\Codex\usrp_plt_1\build\uhd_cpp_gpu_pipeline\logs\fer_qpsk_dvbs2_500k_ebn0_0_05_8_20260524_232200\offline_gpu\CCSDS_ldpc_n128_k64_qpsk_cuda-bp-osd_EbN0_2.5dB.log,history_fer_dvbs2_qpsk,CCSDS,CCSDS_ldpc_n128_k64,LDPC,CCSDS,128,64,0.5,CUDA BP-OSD,qpsk,2.5,2.5,500000.0,149852.0,4667.0,0.0006022,0.2997,NA,10.94,2033.49,NA,NA,159.14,25.65,NA,0.0483,0.2995,
E:\Codex\usrp_plt_1\build\uhd_cpp_gpu_pipeline\logs\fer_qpsk_dvbs2_500k_ebn0_0_05_8_20260524_232200\offline_gpu\CCSDS_ldpc_n128_k64_qpsk_cuda-bp-osd_EbN0_3dB.log,history_fer_dvbs2_qpsk,CCSDS,CCSDS_ldpc_n128_k64,LDPC,CCSDS,128,64,0.5,CUDA BP-OSD,qpsk,3.0,3.0,500000.0,28077.0,796.0,9.416e-05,0.05615,NA,15.66,2160.88,NA,NA,161.74,28.52,NA,0.0475,0.2692,
E:\Codex\usrp_plt_1\build\uhd_cpp_gpu_pipeline\logs\fer_qpsk_dvbs2_500k_ebn0_0_05_8_20260524_232200\offline_gpu\CCSDS_ldpc_n128_k64_qpsk_cuda-bp-osd_EbN0_3.5dB.log,history_fer_dvbs2_qpsk,CCSDS,CCSDS_ldpc_n128_k64,LDPC,CCSDS,128,64,0.5,CUDA BP-OSD,qpsk,3.5,3.5,500000.0,3740.0,210.0,1.182e-05,0.00748,NA,17.08,2240.59,NA,NA,152.01,30.36,NA,0.0505,0.253,
E:\Codex\usrp_plt_1\build\uhd_cpp_gpu_pipeline\logs\fer_qpsk_dvbs2_500k_ebn0_0_05_8_20260524_232200\offline_gpu\CCSDS_ldpc_n128_k64_qpsk_cuda-bp-osd_EbN0_4dB.log,history_fer_dvbs2_qpsk,CCSDS,CCSDS_ldpc_n128_k64,LDPC,CCSDS,128,64,0.5,CUDA BP-OSD,qpsk,4.0,4.0,500000.0,375.0,144.0,1.134e-06,0.00075,NA,16.05,2091.4,NA,NA,139.47,28.07,NA,0.0551,0.2736,
E:\Codex\usrp_plt_1\build\uhd_cpp_gpu_pipeline\logs\fer_qpsk_dvbs2_500k_ebn0_0_05_8_20260524_232200\offline_gpu\CCSDS_ldpc_n128_k64_qpsk_cuda-bp-osd_EbN0_4.5dB.log,history_fer_dvbs2_qpsk,CCSDS,CCSDS_ldpc_n128_k64,LDPC,CCSDS,128,64,0.5,CUDA BP-OSD,qpsk,4.5,4.5,500000.0,31.0,127.0,8.984e-08,6.2e-05,NA,16.67,2170.9,NA,NA,130.23,30.31,NA,0.059,0.2534,
E:\Codex\usrp_plt_1\build\uhd_cpp_gpu_pipeline\logs\fer_qpsk_dvbs2_500k_ebn0_0_05_8_20260524_232200\offline_gpu\CCSDS_ldpc_n128_k64_qpsk_cuda-bp-osd_EbN0_5dB.log,history_fer_dvbs2_qpsk,CCSDS,CCSDS_ldpc_n128_k64,LDPC,CCSDS,128,64,0.5,CUDA BP-OSD,qpsk,5.0,5.0,500000.0,3.0,18.0,4.687e-09,6e-06,NA,23.82,3101.73,NA,NA,130.09,65.77,NA,0.059,0.1168,
E:\Codex\usrp_plt_1\build\uhd_cpp_gpu_pipeline\logs\fer_qpsk_dvbs2_500k_ebn0_0_05_8_20260524_232200\offline_gpu\CCSDS_ldpc_n128_k64_qpsk_cuda-bp-osd_EbN0_5.5dB.log,history_fer_dvbs2_qpsk,CCSDS,CCSDS_ldpc_n128_k64,LDPC,CCSDS,128,64,0.5,CUDA BP-OSD,qpsk,5.5,5.5,500000.0,0.0,0.0,0.0,0.0,NA,27.66,3601.68,NA,NA,117.99,143.42,NA,0.0651,0.0535,
E:\Codex\usrp_plt_1\build\uhd_cpp_gpu_pipeline\logs\fer_qpsk_dvbs2_500k_ebn0_0_05_8_20260524_232200\offline_gpu\CCSDS_ldpc_n128_k64_qpsk_cuda-bp-osd_EbN0_6dB.log,history_fer_dvbs2_qpsk,CCSDS,CCSDS_ldpc_n128_k64,LDPC,CCSDS,128,64,0.5,CUDA BP-OSD,qpsk,6.0,6.0,500000.0,0.0,0.0,0.0,0.0,NA,26.53,3454.26,NA,NA,112.5,193.89,NA,0.0683,0.0396,
E:\Codex\usrp_plt_1\build\uhd_cpp_gpu_pipeline\logs\fer_qpsk_dvbs2_500k_ebn0_0_05_8_20260524_232200\offline_gpu\CCSDS_ldpc_n128_k64_qpsk_cuda-bp-osd_EbN0_6.5dB.log,history_fer_dvbs2_qpsk,CCSDS,CCSDS_ldpc_n128_k64,LDPC,CCSDS,128,64,0.5,CUDA BP-OSD,qpsk,6.5,6.5,500000.0,0.0,0.0,0.0,0.0,NA,26.34,3429.37,NA,NA,108.21,216.62,NA,0.071,0.0355,
E:\Codex\usrp_plt_1\build\uhd_cpp_gpu_pipeline\logs\fer_qpsk_dvbs2_500k_ebn0_0_05_8_20260524_232200\offline_gpu\CCSDS_ldpc_n128_k64_qpsk_cuda-bp-osd_EbN0_7dB.log,history_fer_dvbs2_qpsk,CCSDS,CCSDS_ldpc_n128_k64,LDPC,CCSDS,128,64,0.5,CUDA BP-OSD,qpsk,7.0,7.0,500000.0,0.0,0.0,0.0,0.0,NA,28.29,3683.27,NA,NA,115.53,242.1,NA,0.0665,0.0317,
E:\Codex\usrp_plt_1\build\uhd_cpp_gpu_pipeline\logs\fer_qpsk_dvbs2_500k_ebn0_0_05_8_20260524_232200\offline_gpu\CCSDS_ldpc_n128_k64_qpsk_cuda-bp-osd_EbN0_7.5dB.log,history_fer_dvbs2_qpsk,CCSDS,CCSDS_ldpc_n128_k64,LDPC,CCSDS,128,64,0.5,CUDA BP-OSD,qpsk,7.5,7.5,500000.0,0.0,0.0,0.0,0.0,NA,26.87,3498.24,NA,NA,109.05,254.32,NA,0.0704,0.0302,
E:\Codex\usrp_plt_1\build\uhd_cpp_gpu_pipeline\logs\fer_qpsk_dvbs2_500k_ebn0_0_05_8_20260524_232200\offline_gpu\CCSDS_ldpc_n128_k64_qpsk_cuda-bp-osd_EbN0_8dB.log,history_fer_dvbs2_qpsk,CCSDS,CCSDS_ldpc_n128_k64,LDPC,CCSDS,128,64,0.5,CUDA BP-OSD,qpsk,8.0,8.0,500000.0,0.0,0.0,0.0,0.0,NA,26.72,3479.19,NA,NA,107.4,264.22,NA,0.0715,0.0291,
E:\Codex\usrp_plt_1\build\uhd_cpp_gpu_pipeline\logs\fer_qpsk_dvbs2_500k_ebn0_0_05_8_20260524_232200\offline_gpu\CCSDS_ldpc_n256_k128_qpsk_cuda-bp-osd_EbN0_0dB.log,history_fer_dvbs2_qpsk,CCSDS,CCSDS_ldpc_n256_k128,LDPC,CCSDS,256,128,0.5,CUDA BP-OSD,qpsk,0.0,0.0,500000.0,500000.0,1338389.0,0.1724,1.0,NA,0.0,598.57,NA,NA,170.73,5.17,NA,0.045,1.4851,
E:\Codex\usrp_plt_1\build\uhd_cpp_gpu_pipeline\logs\fer_qpsk_dvbs2_500k_ebn0_0_05_8_20260524_232200\offline_gpu\CCSDS_ldpc_n256_k128_qpsk_cuda-bp-osd_EbN0_0.5dB.log,history_fer_dvbs2_qpsk,CCSDS,CCSDS_ldpc_n256_k128,LDPC,CCSDS,256,128,0.5,CUDA BP-OSD,qpsk,0.5,0.5,500000.0,500000.0,957329.0,0.1233,1.0,NA,0.0,601.03,NA,NA,167.81,5.2,NA,0.0458,1.4773,
E:\Codex\usrp_plt_1\build\uhd_cpp_gpu_pipeline\logs\fer_qpsk_dvbs2_500k_ebn0_0_05_8_20260524_232200\offline_gpu\CCSDS_ldpc_n256_k128_qpsk_cuda-bp-osd_EbN0_1dB.log,history_fer_dvbs2_qpsk,CCSDS,CCSDS_ldpc_n256_k128,LDPC,CCSDS,256,128,0.5,CUDA BP-OSD,qpsk,1.0,1.0,500000.0,500000.0,566438.0,0.07298,1.0,NA,0.0,623.72,NA,NA,171.08,5.41,NA,0.0449,1.4183,
E:\Codex\usrp_plt_1\build\uhd_cpp_gpu_pipeline\logs\fer_qpsk_dvbs2_500k_ebn0_0_05_8_20260524_232200\offline_gpu\CCSDS_ldpc_n256_k128_qpsk_cuda-bp-osd_EbN0_1.5dB.log,history_fer_dvbs2_qpsk,CCSDS,CCSDS_ldpc_n256_k128,LDPC,CCSDS,256,128,0.5,CUDA BP-OSD,qpsk,1.5,1.5,500000.0,499997.0,267533.0,0.03418,1.0,NA,0.0,712.1,NA,NA,168.34,6.31,NA,0.0456,1.2177,
E:\Codex\usrp_plt_1\build\uhd_cpp_gpu_pipeline\logs\fer_qpsk_dvbs2_500k_ebn0_0_05_8_20260524_232200\offline_gpu\CCSDS_ldpc_n256_k128_qpsk_cuda-bp-osd_EbN0_2dB.log,history_fer_dvbs2_qpsk,CCSDS,CCSDS_ldpc_n256_k128,LDPC,CCSDS,256,128,0.5,CUDA BP-OSD,qpsk,2.0,2.0,500000.0,489630.0,94552.0,0.01203,0.9793,NA,0.13,822.45,NA,NA,169.73,7.45,NA,0.0452,1.0306,
E:\Codex\usrp_plt_1\build\uhd_cpp_gpu_pipeline\logs\fer_qpsk_dvbs2_500k_ebn0_0_05_8_20260524_232200\offline_gpu\CCSDS_ldpc_n256_k128_qpsk_cuda-bp-osd_EbN0_2.5dB.log,history_fer_dvbs2_qpsk,CCSDS,CCSDS_ldpc_n256_k128,LDPC,CCSDS,256,128,0.5,CUDA BP-OSD,qpsk,2.5,2.5,500000.0,308720.0,22748.0,0.002965,0.6174,NA,3.58,1219.51,NA,NA,171.17,12.08,NA,0.0449,0.6358,
E:\Codex\usrp_plt_1\build\uhd_cpp_gpu_pipeline\logs\fer_qpsk_dvbs2_500k_ebn0_0_05_8_20260524_232200\offline_gpu\CCSDS_ldpc_n256_k128_qpsk_cuda-bp-osd_EbN0_3dB.log,history_fer_dvbs2_qpsk,CCSDS,CCSDS_ldpc_n256_k128,LDPC,CCSDS,256,128,0.5,CUDA BP-OSD,qpsk,3.0,3.0,500000.0,70936.0,3639.0,0.0004656,0.1419,NA,9.07,1375.69,NA,NA,172.22,14.11,NA,0.0446,0.5444,
E:\Codex\usrp_plt_1\build\uhd_cpp_gpu_pipeline\logs\fer_qpsk_dvbs2_500k_ebn0_0_05_8_20260524_232200\offline_gpu\CCSDS_ldpc_n256_k128_qpsk_cuda-bp-osd_EbN0_3.5dB.log,history_fer_dvbs2_qpsk,CCSDS,CCSDS_ldpc_n256_k128,LDPC,CCSDS,256,128,0.5,CUDA BP-OSD,qpsk,3.5,3.5,500000.0,6766.0,506.0,4.08e-05,0.01353,NA,10.3,1359.82,NA,NA,169.84,13.94,NA,0.0452,0.5509,
E:\Codex\usrp_plt_1\build\uhd_cpp_gpu_pipeline\logs\fer_qpsk_dvbs2_500k_ebn0_0_05_8_20260524_232200\offline_gpu\CCSDS_ldpc_n256_k128_qpsk_cuda-bp-osd_EbN0_4dB.log,history_fer_dvbs2_qpsk,CCSDS,CCSDS_ldpc_n256_k128,LDPC,CCSDS,256,128,0.5,CUDA BP-OSD,qpsk,4.0,4.0,500000.0,324.0,206.0,1.926e-06,0.000648,NA,16.19,2109.04,NA,NA,173.2,26.28,NA,0.0443,0.2922,
E:\Codex\usrp_plt_1\build\uhd_cpp_gpu_pipeline\logs\fer_qpsk_dvbs2_500k_ebn0_0_05_8_20260524_232200\offline_gpu\CCSDS_ldpc_n256_k128_qpsk_cuda-bp-osd_EbN0_4.5dB.log,history_fer_dvbs2_qpsk,CCSDS,CCSDS_ldpc_n256_k128,LDPC,CCSDS,256,128,0.5,CUDA BP-OSD,qpsk,4.5,4.5,500000.0,7.0,145.0,3.776e-08,1.4e-05,NA,26.81,3491.23,NA,NA,123.72,106.66,NA,0.0621,0.072,
E:\Codex\usrp_plt_1\build\uhd_cpp_gpu_pipeline\logs\fer_qpsk_dvbs2_500k_ebn0_0_05_8_20260524_232200\offline_gpu\CCSDS_ldpc_n256_k128_qpsk_cuda-bp-osd_EbN0_5dB.log,history_fer_dvbs2_qpsk,CCSDS,CCSDS_ldpc_n256_k128,LDPC,CCSDS,256,128,0.5,CUDA BP-OSD,qpsk,5.0,5.0,500000.0,0.0,0.0,0.0,0.0,NA,25.07,3264.43,NA,NA,109.96,162.96,NA,0.0698,0.0471,
E:\Codex\usrp_plt_1\build\uhd_cpp_gpu_pipeline\logs\fer_qpsk_dvbs2_500k_ebn0_0_05_8_20260524_232200\offline_gpu\CCSDS_ldpc_n256_k128_qpsk_cuda-bp-osd_EbN0_5.5dB.log,history_fer_dvbs2_qpsk,CCSDS,CCSDS_ldpc_n256_k128,LDPC,CCSDS,256,128,0.5,CUDA BP-OSD,qpsk,5.5,5.5,500000.0,0.0,0.0,0.0,0.0,NA,29.18,3799.83,NA,NA,117.11,203.49,NA,0.0656,0.0377,
E:\Codex\usrp_plt_1\build\uhd_cpp_gpu_pipeline\logs\fer_qpsk_dvbs2_500k_ebn0_0_05_8_20260524_232200\offline_gpu\CCSDS_ldpc_n256_k128_qpsk_cuda-bp-osd_EbN0_6dB.log,history_fer_dvbs2_qpsk,CCSDS,CCSDS_ldpc_n256_k128,LDPC,CCSDS,256,128,0.5,CUDA BP-OSD,qpsk,6.0,6.0,500000.0,0.0,0.0,0.0,0.0,NA,28.66,3731.75,NA,NA,113.3,220.3,NA,0.0678,0.0349,
E:\Codex\usrp_plt_1\build\uhd_cpp_gpu_pipeline\logs\fer_qpsk_dvbs2_500k_ebn0_0_05_8_20260524_232200\offline_gpu\CCSDS_ldpc_n256_k128_qpsk_cuda-bp-osd_EbN0_6.5dB.log,history_fer_dvbs2_qpsk,CCSDS,CCSDS_ldpc_n256_k128,LDPC,CCSDS,256,128,0.5,CUDA BP-OSD,qpsk,6.5,6.5,500000.0,0.0,0.0,0.0,0.0,NA,28.63,3728.0,NA,NA,112.94,239.1,NA,0.068,0.0321,
E:\Codex\usrp_plt_1\build\uhd_cpp_gpu_pipeline\logs\fer_qpsk_dvbs2_500k_ebn0_0_05_8_20260524_232200\offline_gpu\CCSDS_ldpc_n256_k128_qpsk_cuda-bp-osd_EbN0_7dB.log,history_fer_dvbs2_qpsk,CCSDS,CCSDS_ldpc_n256_k128,LDPC,CCSDS,256,128,0.5,CUDA BP-OSD,qpsk,7.0,7.0,500000.0,0.0,0.0,0.0,0.0,NA,28.73,3740.42,NA,NA,112.1,260.26,NA,0.0685,0.0295,
E:\Codex\usrp_plt_1\build\uhd_cpp_gpu_pipeline\logs\fer_qpsk_dvbs2_500k_ebn0_0_05_8_20260524_232200\offline_gpu\CCSDS_ldpc_n256_k128_qpsk_cuda-bp-osd_EbN0_7.5dB.log,history_fer_dvbs2_qpsk,CCSDS,CCSDS_ldpc_n256_k128,LDPC,CCSDS,256,128,0.5,CUDA BP-OSD,qpsk,7.5,7.5,500000.0,0.0,0.0,0.0,0.0,NA,25.62,3335.72,NA,NA,101.87,253.82,NA,0.0754,0.0303,
E:\Codex\usrp_plt_1\build\uhd_cpp_gpu_pipeline\logs\fer_qpsk_dvbs2_500k_ebn0_0_05_8_20260524_232200\offline_gpu\CCSDS_ldpc_n256_k128_qpsk_cuda-bp-osd_EbN0_8dB.log,history_fer_dvbs2_qpsk,CCSDS,CCSDS_ldpc_n256_k128,LDPC,CCSDS,256,128,0.5,CUDA BP-OSD,qpsk,8.0,8.0,500000.0,0.0,0.0,0.0,0.0,NA,28.96,3771.2,NA,NA,111.0,297.54,NA,0.0692,0.0258,
E:\Codex\usrp_plt_1\build\uhd_cpp_gpu_pipeline\logs\fer_qpsk_dvbs2_500k_ebn0_0_05_8_20260524_232200\offline_gpu\CCSDS_ldpc_n512_k256_qpsk_cuda-bp_EbN0_0dB.log,history_fer_dvbs2_qpsk,CCSDS,CCSDS_ldpc_n512_k256,LDPC,CCSDS,512,256,0.5,CUDA BP,qpsk,0.0,0.0,500000.0,500000.0,1457317.0,0.1877,1.0,NA,0.0,141.01,NA,NA,166.32,1.11,NA,0.0462,6.9255,
E:\Codex\usrp_plt_1\build\uhd_cpp_gpu_pipeline\logs\fer_qpsk_dvbs2_500k_ebn0_0_05_8_20260524_232200\offline_gpu\CCSDS_ldpc_n512_k256_qpsk_cuda-bp_EbN0_0.5dB.log,history_fer_dvbs2_qpsk,CCSDS,CCSDS_ldpc_n512_k256,LDPC,CCSDS,512,256,0.5,CUDA BP,qpsk,0.5,0.5,500000.0,500000.0,1317487.0,0.1698,1.0,NA,0.0,139.99,NA,NA,166.94,1.1,NA,0.046,6.9767,
E:\Codex\usrp_plt_1\build\uhd_cpp_gpu_pipeline\logs\fer_qpsk_dvbs2_500k_ebn0_0_05_8_20260524_232200\offline_gpu\CCSDS_ldpc_n512_k256_qpsk_cuda-bp_EbN0_1dB.log,history_fer_dvbs2_qpsk,CCSDS,CCSDS_ldpc_n512_k256,LDPC,CCSDS,512,256,0.5,CUDA BP,qpsk,1.0,1.0,500000.0,500000.0,1144702.0,0.1473,1.0,NA,0.0,139.28,NA,NA,165.83,1.1,NA,0.0463,7.0127,
E:\Codex\usrp_plt_1\build\uhd_cpp_gpu_pipeline\logs\fer_qpsk_dvbs2_500k_ebn0_0_05_8_20260524_232200\offline_gpu\CCSDS_ldpc_n512_k256_qpsk_cuda-bp_EbN0_1.5dB.log,history_fer_dvbs2_qpsk,CCSDS,CCSDS_ldpc_n512_k256,LDPC,CCSDS,512,256,0.5,CUDA BP,qpsk,1.5,1.5,500000.0,500000.0,863920.0,0.1114,1.0,NA,0.0,139.54,NA,NA,166.56,1.1,NA,0.0461,6.9994,
E:\Codex\usrp_plt_1\build\uhd_cpp_gpu_pipeline\logs\fer_qpsk_dvbs2_500k_ebn0_0_05_8_20260524_232200\offline_gpu\CCSDS_ldpc_n512_k256_qpsk_cuda-bp_EbN0_2dB.log,history_fer_dvbs2_qpsk,CCSDS,CCSDS_ldpc_n512_k256,LDPC,CCSDS,512,256,0.5,CUDA BP,qpsk,2.0,2.0,500000.0,500000.0,440959.0,0.05695,1.0,NA,0.0,138.58,NA,NA,165.23,1.09,NA,0.0465,7.0483,
E:\Codex\usrp_plt_1\build\uhd_cpp_gpu_pipeline\logs\fer_qpsk_dvbs2_500k_ebn0_0_05_8_20260524_232200\offline_gpu\CCSDS_ldpc_n512_k256_qpsk_cuda-bp_EbN0_2.5dB.log,history_fer_dvbs2_qpsk,CCSDS,CCSDS_ldpc_n512_k256,LDPC,CCSDS,512,256,0.5,CUDA BP,qpsk,2.5,2.5,500000.0,492351.0,106760.0,0.0139,0.9847,NA,0.02,138.17,NA,NA,167.01,1.09,NA,0.046,7.0708,
E:\Codex\usrp_plt_1\build\uhd_cpp_gpu_pipeline\logs\fer_qpsk_dvbs2_500k_ebn0_0_05_8_20260524_232200\offline_gpu\CCSDS_ldpc_n512_k256_qpsk_cuda-bp_EbN0_3dB.log,history_fer_dvbs2_qpsk,CCSDS,CCSDS_ldpc_n512_k256,LDPC,CCSDS,512,256,0.5,CUDA BP,qpsk,3.0,3.0,500000.0,152136.0,9801.0,0.001186,0.3043,NA,1.33,248.69,NA,NA,163.31,1.99,NA,0.047,3.8522,
E:\Codex\usrp_plt_1\build\uhd_cpp_gpu_pipeline\logs\fer_qpsk_dvbs2_500k_ebn0_0_05_8_20260524_232200\offline_gpu\CCSDS_ldpc_n512_k256_qpsk_cuda-bp_EbN0_3.5dB.log,history_fer_dvbs2_qpsk,CCSDS,CCSDS_ldpc_n512_k256,LDPC,CCSDS,512,256,0.5,CUDA BP,qpsk,3.5,3.5,500000.0,4641.0,435.0,2.869e-05,0.009282,NA,7.21,947.9,NA,NA,156.76,8.7,NA,0.049,0.8824,
E:\Codex\usrp_plt_1\build\uhd_cpp_gpu_pipeline\logs\fer_qpsk_dvbs2_500k_ebn0_0_05_8_20260524_232200\offline_gpu\CCSDS_ldpc_n512_k256_qpsk_cuda-bp_EbN0_4dB.log,history_fer_dvbs2_qpsk,CCSDS,CCSDS_ldpc_n512_k256,LDPC,CCSDS,512,256,0.5,CUDA BP,qpsk,4.0,4.0,500000.0,31.0,187.0,1.661e-07,6.2e-05,NA,11.04,1437.72,NA,NA,150.81,14.85,NA,0.0509,0.5173,
E:\Codex\usrp_plt_1\build\uhd_cpp_gpu_pipeline\logs\fer_qpsk_dvbs2_500k_ebn0_0_05_8_20260524_232200\offline_gpu\CCSDS_ldpc_n512_k256_qpsk_cuda-bp_EbN0_4.5dB.log,history_fer_dvbs2_qpsk,CCSDS,CCSDS_ldpc_n512_k256,LDPC,CCSDS,512,256,0.5,CUDA BP,qpsk,4.5,4.5,500000.0,0.0,0.0,0.0,0.0,NA,12.54,1632.44,NA,NA,137.71,17.97,NA,0.0558,0.4273,
E:\Codex\usrp_plt_1\build\uhd_cpp_gpu_pipeline\logs\fer_qpsk_dvbs2_500k_ebn0_0_05_8_20260524_232200\offline_gpu\CCSDS_ldpc_n512_k256_qpsk_cuda-bp_EbN0_5dB.log,history_fer_dvbs2_qpsk,CCSDS,CCSDS_ldpc_n512_k256,LDPC,CCSDS,512,256,0.5,CUDA BP,qpsk,5.0,5.0,500000.0,0.0,0.0,0.0,0.0,NA,12.62,1642.77,NA,NA,133.9,18.36,NA,0.0574,0.4184,
E:\Codex\usrp_plt_1\build\uhd_cpp_gpu_pipeline\logs\fer_qpsk_dvbs2_500k_ebn0_0_05_8_20260524_232200\offline_gpu\CCSDS_ldpc_n512_k256_qpsk_cuda-bp_EbN0_5.5dB.log,history_fer_dvbs2_qpsk,CCSDS,CCSDS_ldpc_n512_k256,LDPC,CCSDS,512,256,0.5,CUDA BP,qpsk,5.5,5.5,500000.0,0.0,0.0,0.0,0.0,NA,13.02,1695.2,NA,NA,140.18,19.03,NA,0.0548,0.4035,
E:\Codex\usrp_plt_1\build\uhd_cpp_gpu_pipeline\logs\fer_qpsk_dvbs2_500k_ebn0_0_05_8_20260524_232200\offline_gpu\CCSDS_ldpc_n512_k256_qpsk_cuda-bp_EbN0_6dB.log,history_fer_dvbs2_qpsk,CCSDS,CCSDS_ldpc_n512_k256,LDPC,CCSDS,512,256,0.5,CUDA BP,qpsk,6.0,6.0,500000.0,0.0,0.0,0.0,0.0,NA,13.76,1792.22,NA,NA,132.38,20.94,NA,0.058,0.3667,
E:\Codex\usrp_plt_1\build\uhd_cpp_gpu_pipeline\logs\fer_qpsk_dvbs2_500k_ebn0_0_05_8_20260524_232200\offline_gpu\CCSDS_ldpc_n512_k256_qpsk_cuda-bp_EbN0_6.5dB.log,history_fer_dvbs2_qpsk,CCSDS,CCSDS_ldpc_n512_k256,LDPC,CCSDS,512,256,0.5,CUDA BP,qpsk,6.5,6.5,500000.0,0.0,0.0,0.0,0.0,NA,15.31,1992.88,NA,NA,124.42,25.28,NA,0.0617,0.3038,
E:\Codex\usrp_plt_1\build\uhd_cpp_gpu_pipeline\logs\fer_qpsk_dvbs2_500k_ebn0_0_05_8_20260524_232200\offline_gpu\CCSDS_ldpc_n512_k256_qpsk_cuda-bp_EbN0_7dB.log,history_fer_dvbs2_qpsk,CCSDS,CCSDS_ldpc_n512_k256,LDPC,CCSDS,512,256,0.5,CUDA BP,qpsk,7.0,7.0,500000.0,0.0,0.0,0.0,0.0,NA,16.26,2116.64,NA,NA,119.78,28.26,NA,0.0641,0.2718,
E:\Codex\usrp_plt_1\build\uhd_cpp_gpu_pipeline\logs\fer_qpsk_dvbs2_500k_ebn0_0_05_8_20260524_232200\offline_gpu\CCSDS_ldpc_n512_k256_qpsk_cuda-bp_EbN0_7.5dB.log,history_fer_dvbs2_qpsk,CCSDS,CCSDS_ldpc_n512_k256,LDPC,CCSDS,512,256,0.5,CUDA BP,qpsk,7.5,7.5,500000.0,0.0,0.0,0.0,0.0,NA,16.74,2179.63,NA,NA,121.27,29.6,NA,0.0633,0.2594,
E:\Codex\usrp_plt_1\build\uhd_cpp_gpu_pipeline\logs\fer_qpsk_dvbs2_500k_ebn0_0_05_8_20260524_232200\offline_gpu\CCSDS_ldpc_n512_k256_qpsk_cuda-bp_EbN0_8dB.log,history_fer_dvbs2_qpsk,CCSDS,CCSDS_ldpc_n512_k256,LDPC,CCSDS,512,256,0.5,CUDA BP,qpsk,8.0,8.0,500000.0,0.0,0.0,0.0,0.0,NA,16.71,2175.62,NA,NA,124.24,29.74,NA,0.0618,0.2582,
E:\Codex\usrp_plt_1\build\uhd_cpp_gpu_pipeline\logs\fer_qpsk_dvbs2_500k_ebn0_0_05_8_20260524_232200\offline_gpu\DVB_S2_N64800_R12_qpsk_cuda-bp_EbN0_0dB.log,history_fer_dvbs2_qpsk,DVB-S2,DVB_S2_N64800_R12,LDPC,DVB-S2,64800,32400,0.5,CUDA BP,qpsk,0.0,0.0,500000.0,500000.0,12094446.0,0.1849,1.0,NA,0.0,63.52,NA,NA,1071.06,4.38,NA,0.0605,14.7812,
E:\Codex\usrp_plt_1\build\uhd_cpp_gpu_pipeline\logs\fer_qpsk_dvbs2_500k_ebn0_0_05_8_20260524_232200\offline_gpu\DVB_S2_N64800_R12_qpsk_cuda-bp_EbN0_0.5dB.log,history_fer_dvbs2_qpsk,DVB-S2,DVB_S2_N64800_R12,LDPC,DVB-S2,64800,32400,0.5,CUDA BP,qpsk,0.5,0.5,500000.0,500000.0,10560409.0,0.1614,1.0,NA,0.0,64.15,NA,NA,1079.96,4.43,NA,0.06,14.6319,
E:\Codex\usrp_plt_1\build\uhd_cpp_gpu_pipeline\logs\fer_qpsk_dvbs2_500k_ebn0_0_05_8_20260524_232200\offline_gpu\DVB_S2_N64800_R12_qpsk_cuda-bp_EbN0_1dB.log,history_fer_dvbs2_qpsk,DVB-S2,DVB_S2_N64800_R12,LDPC,DVB-S2,64800,32400,0.5,CUDA BP,qpsk,1.0,1.0,100.0,100.0,80845.0,0.1265,1.0,NA,0.0,63.48,NA,NA,1225.35,4.32,NA,0.0529,15.0008,
E:\Codex\usrp_plt_1\build\uhd_cpp_gpu_pipeline\logs\fer_qpsk_dvbs2_500k_ebn0_0_05_8_20260524_232200\offline_gpu\DVB_S2_N64800_R12_qpsk_cuda-bp_EbN0_1.5dB.log,history_fer_dvbs2_qpsk,DVB-S2,DVB_S2_N64800_R12,LDPC,DVB-S2,64800,32400,0.5,CUDA BP,qpsk,1.5,1.5,10000.0,0.0,0.0,0.0,0.0,NA,12.82,197.85,NA,NA,942.24,15.93,NA,0.0688,4.0685,
E:\Codex\usrp_plt_1\build\uhd_cpp_gpu_pipeline\logs\fer_qpsk_dvbs2_500k_ebn0_0_05_8_20260524_232200\offline_gpu\DVB_S2_N64800_R12_qpsk_cuda-bp_EbN0_2dB.log,history_fer_dvbs2_qpsk,DVB-S2,DVB_S2_N64800_R12,LDPC,DVB-S2,64800,32400,0.5,CUDA BP,qpsk,2.0,2.0,10000.0,0.0,0.0,0.0,0.0,NA,17.23,265.86,NA,NA,847.49,23.46,NA,0.0765,2.7621,
E:\Codex\usrp_plt_1\build\uhd_cpp_gpu_pipeline\logs\fer_qpsk_dvbs2_500k_ebn0_0_05_8_20260524_232200\offline_gpu\DVB_S2_N64800_R12_qpsk_cuda-bp_EbN0_2.5dB.log,history_fer_dvbs2_qpsk,DVB-S2,DVB_S2_N64800_R12,LDPC,DVB-S2,64800,32400,0.5,CUDA BP,qpsk,2.5,2.5,10000.0,0.0,0.0,0.0,0.0,NA,20.14,310.84,NA,NA,823.01,29.62,NA,0.0787,2.1876,
E:\Codex\usrp_plt_1\build\uhd_cpp_gpu_pipeline\logs\fer_qpsk_dvbs2_500k_ebn0_0_05_8_20260524_232200\offline_gpu\DVB_S2_N64800_R12_qpsk_cuda-bp_EbN0_3dB.log,history_fer_dvbs2_qpsk,DVB-S2,DVB_S2_N64800_R12,LDPC,DVB-S2,64800,32400,0.5,CUDA BP,qpsk,3.0,3.0,10000.0,0.0,0.0,0.0,0.0,NA,23.71,365.96,NA,NA,923.81,36.73,NA,0.0701,1.7642,
E:\Codex\usrp_plt_1\build\uhd_cpp_gpu_pipeline\logs\fer_qpsk_dvbs2_500k_ebn0_0_05_8_20260524_232200\offline_gpu\DVB_S2_N64800_R12_qpsk_cuda-bp_EbN0_3.5dB.log,history_fer_dvbs2_qpsk,DVB-S2,DVB_S2_N64800_R12,LDPC,DVB-S2,64800,32400,0.5,CUDA BP,qpsk,3.5,3.5,10000.0,0.0,0.0,0.0,0.0,NA,25.87,399.25,NA,NA,967.19,41.78,NA,0.067,1.551,
E:\Codex\usrp_plt_1\build\uhd_cpp_gpu_pipeline\logs\fer_qpsk_dvbs2_500k_ebn0_0_05_8_20260524_232200\offline_gpu\DVB_S2_N64800_R12_qpsk_cuda-bp_EbN0_4dB.log,history_fer_dvbs2_qpsk,DVB-S2,DVB_S2_N64800_R12,LDPC,DVB-S2,64800,32400,0.5,CUDA BP,qpsk,4.0,4.0,10000.0,0.0,0.0,0.0,0.0,NA,27.89,430.4,NA,NA,959.93,47.27,NA,0.0675,1.371,
E:\Codex\usrp_plt_1\build\uhd_cpp_gpu_pipeline\logs\fer_qpsk_dvbs2_500k_ebn0_0_05_8_20260524_232200\offline_gpu\DVB_S2_N64800_R12_qpsk_cuda-bp_EbN0_4.5dB.log,history_fer_dvbs2_qpsk,DVB-S2,DVB_S2_N64800_R12,LDPC,DVB-S2,64800,32400,0.5,CUDA BP,qpsk,4.5,4.5,10000.0,0.0,0.0,0.0,0.0,NA,29.95,462.15,NA,NA,960.66,53.63,NA,0.0675,1.2083,
E:\Codex\usrp_plt_1\build\uhd_cpp_gpu_pipeline\logs\fer_qpsk_dvbs2_500k_ebn0_0_05_8_20260524_232200\offline_gpu\DVB_S2_N64800_R12_qpsk_cuda-bp_EbN0_5dB.log,history_fer_dvbs2_qpsk,DVB-S2,DVB_S2_N64800_R12,LDPC,DVB-S2,64800,32400,0.5,CUDA BP,qpsk,5.0,5.0,10000.0,0.0,0.0,0.0,0.0,NA,31.06,479.34,NA,NA,946.58,56.91,NA,0.0685,1.1386,
E:\Codex\usrp_plt_1\build\uhd_cpp_gpu_pipeline\logs\fer_qpsk_dvbs2_500k_ebn0_0_05_8_20260524_232200\offline_gpu\DVB_S2_N64800_R12_qpsk_cuda-bp_EbN0_5.5dB.log,history_fer_dvbs2_qpsk,DVB-S2,DVB_S2_N64800_R12,LDPC,DVB-S2,64800,32400,0.5,CUDA BP,qpsk,5.5,5.5,10000.0,0.0,0.0,0.0,0.0,NA,32.65,503.92,NA,NA,931.66,62.45,NA,0.0696,1.0376,
E:\Codex\usrp_plt_1\build\uhd_cpp_gpu_pipeline\logs\fer_qpsk_dvbs2_500k_ebn0_0_05_8_20260524_232200\offline_gpu\DVB_S2_N64800_R12_qpsk_cuda-bp_EbN0_6dB.log,history_fer_dvbs2_qpsk,DVB-S2,DVB_S2_N64800_R12,LDPC,DVB-S2,64800,32400,0.5,CUDA BP,qpsk,6.0,6.0,10000.0,0.0,0.0,0.0,0.0,NA,35.21,543.38,NA,NA,1000.72,72.88,NA,0.0648,0.8892,
E:\Codex\usrp_plt_1\build\uhd_cpp_gpu_pipeline\logs\fer_qpsk_dvbs2_500k_ebn0_0_05_8_20260524_232200\offline_gpu\DVB_S2_N64800_R12_qpsk_cuda-bp_EbN0_6.5dB.log,history_fer_dvbs2_qpsk,DVB-S2,DVB_S2_N64800_R12,LDPC,DVB-S2,64800,32400,0.5,CUDA BP,qpsk,6.5,6.5,10000.0,0.0,0.0,0.0,0.0,NA,36.86,568.78,NA,NA,1016.22,77.78,NA,0.0638,0.8331,
E:\Codex\usrp_plt_1\build\uhd_cpp_gpu_pipeline\logs\fer_qpsk_dvbs2_500k_ebn0_0_05_8_20260524_232200\offline_gpu\DVB_S2_N64800_R12_qpsk_cuda-bp_EbN0_7dB.log,history_fer_dvbs2_qpsk,DVB-S2,DVB_S2_N64800_R12,LDPC,DVB-S2,64800,32400,0.5,CUDA BP,qpsk,7.0,7.0,10000.0,0.0,0.0,0.0,0.0,NA,36.89,569.37,NA,NA,1048.0,78.63,NA,0.0618,0.8242,
E:\Codex\usrp_plt_1\build\uhd_cpp_gpu_pipeline\logs\fer_qpsk_dvbs2_500k_ebn0_0_05_8_20260524_232200\offline_gpu\DVB_S2_N64800_R12_qpsk_cuda-bp_EbN0_7.5dB.log,history_fer_dvbs2_qpsk,DVB-S2,DVB_S2_N64800_R12,LDPC,DVB-S2,64800,32400,0.5,CUDA BP,qpsk,7.5,7.5,10000.0,0.0,0.0,0.0,0.0,NA,35.9,554.04,NA,NA,921.04,76.85,NA,0.0704,0.8432,
E:\Codex\usrp_plt_1\build\uhd_cpp_gpu_pipeline\logs\fer_qpsk_dvbs2_500k_ebn0_0_05_8_20260524_232200\offline_gpu\DVB_S2_N64800_R12_qpsk_cuda-bp_EbN0_8dB.log,history_fer_dvbs2_qpsk,DVB-S2,DVB_S2_N64800_R12,LDPC,DVB-S2,64800,32400,0.5,CUDA BP,qpsk,8.0,8.0,10000.0,0.0,0.0,0.0,0.0,NA,38.38,592.24,NA,NA,949.1,85.47,NA,0.0683,0.7582,
E:\Codex\usrp_plt_1\build\uhd_cpp_gpu_pipeline\logs\fer_qpsk_dvbs2_500k_ebn0_0_05_8_20260524_232200\offline_gpu\DVB_S2_short_N16200_rate_1_2_qpsk_cuda-bp_EbN0_0dB.log,history_fer_dvbs2_qpsk,DVB-S2,DVB_S2_short_N16200_rate_1_2,LDPC,DVB-S2,16200,7200,0.444444444444444,CUDA BP,qpsk,0.0,-0.51,100.0,100.0,93692.0,0.1625,1.0,NA,0.0,92.9,NA,NA,1095.89,5.6,NA,0.0526,10.2795,
E:\Codex\usrp_plt_1\build\uhd_cpp_gpu_pipeline\logs\fer_qpsk_dvbs2_500k_ebn0_0_05_8_20260524_232200\offline_gpu\DVB_S2_short_N16200_rate_1_2_qpsk_cuda-bp_EbN0_0.5dB.log,history_fer_dvbs2_qpsk,DVB-S2,DVB_S2_short_N16200_rate_1_2,LDPC,DVB-S2,16200,7200,0.444444444444444,CUDA BP,qpsk,0.5,-0.01,100.0,100.0,69768.0,0.1217,1.0,NA,0.0,95.63,NA,NA,1128.57,5.77,NA,0.051,9.9833,
E:\Codex\usrp_plt_1\build\uhd_cpp_gpu_pipeline\logs\fer_qpsk_dvbs2_500k_ebn0_0_05_8_20260524_232200\offline_gpu\DVB_S2_short_N16200_rate_1_2_qpsk_cuda-bp_EbN0_1dB.log,history_fer_dvbs2_qpsk,DVB-S2,DVB_S2_short_N16200_rate_1_2,LDPC,DVB-S2,16200,7200,0.444444444444444,CUDA BP,qpsk,1.0,0.49,312.0,100.0,5821.0,0.002436,0.3205,NA,4.65,118.93,NA,NA,1118.66,7.27,NA,0.0515,7.9217,
E:\Codex\usrp_plt_1\build\uhd_cpp_gpu_pipeline\logs\fer_qpsk_dvbs2_500k_ebn0_0_05_8_20260524_232200\offline_gpu\DVB_S2_short_N16200_rate_1_2_qpsk_cuda-bp_EbN0_1.5dB.log,history_fer_dvbs2_qpsk,DVB-S2,DVB_S2_short_N16200_rate_1_2,LDPC,DVB-S2,16200,7200,0.444444444444444,CUDA BP,qpsk,1.5,0.99,10000.0,0.0,0.0,0.0,0.0,NA,15.74,273.3,NA,NA,874.88,19.21,NA,0.0658,2.9981,
E:\Codex\usrp_plt_1\build\uhd_cpp_gpu_pipeline\logs\fer_qpsk_dvbs2_500k_ebn0_0_05_8_20260524_232200\offline_gpu\DVB_S2_short_N16200_rate_1_2_qpsk_cuda-bp_EbN0_2dB.log,history_fer_dvbs2_qpsk,DVB-S2,DVB_S2_short_N16200_rate_1_2,LDPC,DVB-S2,16200,7200,0.444444444444444,CUDA BP,qpsk,2.0,1.49,10000.0,0.0,0.0,0.0,0.0,NA,20.89,362.63,NA,NA,912.9,27.11,NA,0.0631,2.1248,
E:\Codex\usrp_plt_1\build\uhd_cpp_gpu_pipeline\logs\fer_qpsk_dvbs2_500k_ebn0_0_05_8_20260524_232200\offline_gpu\DVB_S2_short_N16200_rate_1_2_qpsk_cuda-bp_EbN0_2.5dB.log,history_fer_dvbs2_qpsk,DVB-S2,DVB_S2_short_N16200_rate_1_2,LDPC,DVB-S2,16200,7200,0.444444444444444,CUDA BP,qpsk,2.5,1.99,10000.0,0.0,0.0,0.0,0.0,NA,24.37,423.08,NA,NA,836.91,33.79,NA,0.0688,1.7048,
E:\Codex\usrp_plt_1\build\uhd_cpp_gpu_pipeline\logs\fer_qpsk_dvbs2_500k_ebn0_0_05_8_20260524_232200\offline_gpu\DVB_S2_short_N16200_rate_1_2_qpsk_cuda-bp_EbN0_3dB.log,history_fer_dvbs2_qpsk,DVB-S2,DVB_S2_short_N16200_rate_1_2,LDPC,DVB-S2,16200,7200,0.444444444444444,CUDA BP,qpsk,3.0,2.49,10000.0,0.0,0.0,0.0,0.0,NA,28.05,486.95,NA,NA,861.43,40.93,NA,0.0669,1.4074,
E:\Codex\usrp_plt_1\build\uhd_cpp_gpu_pipeline\logs\fer_qpsk_dvbs2_500k_ebn0_0_05_8_20260524_232200\offline_gpu\DVB_S2_short_N16200_rate_1_2_qpsk_cuda-bp_EbN0_3.5dB.log,history_fer_dvbs2_qpsk,DVB-S2,DVB_S2_short_N16200_rate_1_2,LDPC,DVB-S2,16200,7200,0.444444444444444,CUDA BP,qpsk,3.5,2.99,10000.0,0.0,0.0,0.0,0.0,NA,31.47,546.31,NA,NA,878.09,48.07,NA,0.0656,1.1982,
E:\Codex\usrp_plt_1\build\uhd_cpp_gpu_pipeline\logs\fer_qpsk_dvbs2_500k_ebn0_0_05_8_20260524_232200\offline_gpu\DVB_S2_short_N16200_rate_1_2_qpsk_cuda-bp_EbN0_4dB.log,history_fer_dvbs2_qpsk,DVB-S2,DVB_S2_short_N16200_rate_1_2,LDPC,DVB-S2,16200,7200,0.444444444444444,CUDA BP,qpsk,4.0,3.49,10000.0,0.0,0.0,0.0,0.0,NA,33.66,584.29,NA,NA,900.12,53.2,NA,0.064,1.0826,
E:\Codex\usrp_plt_1\build\uhd_cpp_gpu_pipeline\logs\fer_qpsk_dvbs2_500k_ebn0_0_05_8_20260524_232200\offline_gpu\DVB_S2_short_N16200_rate_1_2_qpsk_cuda-bp_EbN0_4.5dB.log,history_fer_dvbs2_qpsk,DVB-S2,DVB_S2_short_N16200_rate_1_2,LDPC,DVB-S2,16200,7200,0.444444444444444,CUDA BP,qpsk,4.5,3.99,10000.0,0.0,0.0,0.0,0.0,NA,35.69,619.54,NA,NA,959.15,59.02,NA,0.0601,0.9759,
E:\Codex\usrp_plt_1\build\uhd_cpp_gpu_pipeline\logs\fer_qpsk_dvbs2_500k_ebn0_0_05_8_20260524_232200\offline_gpu\DVB_S2_short_N16200_rate_1_2_qpsk_cuda-bp_EbN0_5dB.log,history_fer_dvbs2_qpsk,DVB-S2,DVB_S2_short_N16200_rate_1_2,LDPC,DVB-S2,16200,7200,0.444444444444444,CUDA BP,qpsk,5.0,4.49,10000.0,0.0,0.0,0.0,0.0,NA,38.12,661.79,NA,NA,940.18,65.62,NA,0.0613,0.8777,
E:\Codex\usrp_plt_1\build\uhd_cpp_gpu_pipeline\logs\fer_qpsk_dvbs2_500k_ebn0_0_05_8_20260524_232200\offline_gpu\DVB_S2_short_N16200_rate_1_2_qpsk_cuda-bp_EbN0_5.5dB.log,history_fer_dvbs2_qpsk,DVB-S2,DVB_S2_short_N16200_rate_1_2,LDPC,DVB-S2,16200,7200,0.444444444444444,CUDA BP,qpsk,5.5,4.99,10000.0,0.0,0.0,0.0,0.0,NA,38.89,675.14,NA,NA,932.08,67.88,NA,0.0618,0.8486,
E:\Codex\usrp_plt_1\build\uhd_cpp_gpu_pipeline\logs\fer_qpsk_dvbs2_500k_ebn0_0_05_8_20260524_232200\offline_gpu\DVB_S2_short_N16200_rate_1_2_qpsk_cuda-bp_EbN0_6dB.log,history_fer_dvbs2_qpsk,DVB-S2,DVB_S2_short_N16200_rate_1_2,LDPC,DVB-S2,16200,7200,0.444444444444444,CUDA BP,qpsk,6.0,5.49,10000.0,0.0,0.0,0.0,0.0,NA,42.8,743.03,NA,NA,899.91,79.18,NA,0.064,0.7274,
E:\Codex\usrp_plt_1\build\uhd_cpp_gpu_pipeline\logs\fer_qpsk_dvbs2_500k_ebn0_0_05_8_20260524_232200\offline_gpu\DVB_S2_short_N16200_rate_1_2_qpsk_cuda-bp_EbN0_6.5dB.log,history_fer_dvbs2_qpsk,DVB-S2,DVB_S2_short_N16200_rate_1_2,LDPC,DVB-S2,16200,7200,0.444444444444444,CUDA BP,qpsk,6.5,5.99,10000.0,0.0,0.0,0.0,0.0,NA,44.45,771.65,NA,NA,888.22,86.68,NA,0.0648,0.6645,
E:\Codex\usrp_plt_1\build\uhd_cpp_gpu_pipeline\logs\fer_qpsk_dvbs2_500k_ebn0_0_05_8_20260524_232200\offline_gpu\DVB_S2_short_N16200_rate_1_2_qpsk_cuda-bp_EbN0_7dB.log,history_fer_dvbs2_qpsk,DVB-S2,DVB_S2_short_N16200_rate_1_2,LDPC,DVB-S2,16200,7200,0.444444444444444,CUDA BP,qpsk,7.0,6.49,10000.0,0.0,0.0,0.0,0.0,NA,45.19,784.6,NA,NA,924.88,89.55,NA,0.0623,0.6432,
E:\Codex\usrp_plt_1\build\uhd_cpp_gpu_pipeline\logs\fer_qpsk_dvbs2_500k_ebn0_0_05_8_20260524_232200\offline_gpu\DVB_S2_short_N16200_rate_1_2_qpsk_cuda-bp_EbN0_7.5dB.log,history_fer_dvbs2_qpsk,DVB-S2,DVB_S2_short_N16200_rate_1_2,LDPC,DVB-S2,16200,7200,0.444444444444444,CUDA BP,qpsk,7.5,6.99,10000.0,0.0,0.0,0.0,0.0,NA,45.98,798.24,NA,NA,935.94,89.47,NA,0.0615,0.6438,
E:\Codex\usrp_plt_1\build\uhd_cpp_gpu_pipeline\logs\fer_qpsk_dvbs2_500k_ebn0_0_05_8_20260524_232200\offline_gpu\DVB_S2_short_N16200_rate_1_2_qpsk_cuda-bp_EbN0_8dB.log,history_fer_dvbs2_qpsk,DVB-S2,DVB_S2_short_N16200_rate_1_2,LDPC,DVB-S2,16200,7200,0.444444444444444,CUDA BP,qpsk,8.0,7.49,10000.0,0.0,0.0,0.0,0.0,NA,46.03,799.21,NA,NA,884.61,93.86,NA,0.0651,0.6137,
E:\Codex\usrp_plt_1\build\uhd_cpp_gpu_pipeline\logs\fer_qpsk_dvbs2_500k_ebn0_0_05_8_20260524_232200\offline_gpu\DVB_S2_short_N16200_rate_1_4_qpsk_cuda-bp_EbN0_0dB.log,history_fer_dvbs2_qpsk,DVB-S2,DVB_S2_short_N16200_rate_1_4,LDPC,DVB-S2,16200,3240,0.2,CUDA BP,qpsk,0.0,-3.98,100.0,100.0,58939.0,0.2262,1.0,NA,0.0,80.81,NA,NA,472.36,2.16,NA,0.0549,11.995,
E:\Codex\usrp_plt_1\build\uhd_cpp_gpu_pipeline\logs\fer_qpsk_dvbs2_500k_ebn0_0_05_8_20260524_232200\offline_gpu\DVB_S2_short_N16200_rate_1_4_qpsk_cuda-bp_EbN0_0.5dB.log,history_fer_dvbs2_qpsk,DVB-S2,DVB_S2_short_N16200_rate_1_4,LDPC,DVB-S2,16200,3240,0.2,CUDA BP,qpsk,0.5,-3.48,107.0,100.0,6171.0,0.03106,0.9346,NA,0.14,81.87,NA,NA,422.78,2.19,NA,0.0613,11.8275,
E:\Codex\usrp_plt_1\build\uhd_cpp_gpu_pipeline\logs\fer_qpsk_dvbs2_500k_ebn0_0_05_8_20260524_232200\offline_gpu\DVB_S2_short_N16200_rate_1_4_qpsk_cuda-bp_EbN0_1dB.log,history_fer_dvbs2_qpsk,DVB-S2,DVB_S2_short_N16200_rate_1_4,LDPC,DVB-S2,16200,3240,0.2,CUDA BP,qpsk,1.0,-2.98,500000.0,49.0,0.0,2.238e-09,9.8e-05,NA,4.38,168.86,NA,NA,416.17,4.75,NA,0.0623,5.4518,
E:\Codex\usrp_plt_1\build\uhd_cpp_gpu_pipeline\logs\fer_qpsk_dvbs2_500k_ebn0_0_05_8_20260524_232200\offline_gpu\DVB_S2_short_N16200_rate_1_4_qpsk_cuda-bp_EbN0_1.5dB.log,history_fer_dvbs2_qpsk,DVB-S2,DVB_S2_short_N16200_rate_1_4,LDPC,DVB-S2,16200,3240,0.2,CUDA BP,qpsk,1.5,-2.48,10000.0,0.0,0.0,0.0,0.0,NA,5.8,223.68,NA,NA,420.71,6.47,NA,0.0616,4.007,
E:\Codex\usrp_plt_1\build\uhd_cpp_gpu_pipeline\logs\fer_qpsk_dvbs2_500k_ebn0_0_05_8_20260524_232200\offline_gpu\DVB_S2_short_N16200_rate_1_4_qpsk_cuda-bp_EbN0_2dB.log,history_fer_dvbs2_qpsk,DVB-S2,DVB_S2_short_N16200_rate_1_4,LDPC,DVB-S2,16200,3240,0.2,CUDA BP,qpsk,2.0,-1.98,10000.0,0.0,0.0,0.0,0.0,NA,6.76,260.85,NA,NA,435.24,7.7,NA,0.0596,3.3682,
E:\Codex\usrp_plt_1\build\uhd_cpp_gpu_pipeline\logs\fer_qpsk_dvbs2_500k_ebn0_0_05_8_20260524_232200\offline_gpu\DVB_S2_short_N16200_rate_1_4_qpsk_cuda-bp_EbN0_2.5dB.log,history_fer_dvbs2_qpsk,DVB-S2,DVB_S2_short_N16200_rate_1_4,LDPC,DVB-S2,16200,3240,0.2,CUDA BP,qpsk,2.5,-1.48,10000.0,0.0,0.0,0.0,0.0,NA,8.04,310.33,NA,NA,429.86,9.39,NA,0.0603,2.7615,
E:\Codex\usrp_plt_1\build\uhd_cpp_gpu_pipeline\logs\fer_qpsk_dvbs2_500k_ebn0_0_05_8_20260524_232200\offline_gpu\DVB_S2_short_N16200_rate_1_4_qpsk_cuda-bp_EbN0_3dB.log,history_fer_dvbs2_qpsk,DVB-S2,DVB_S2_short_N16200_rate_1_4,LDPC,DVB-S2,16200,3240,0.2,CUDA BP,qpsk,3.0,-0.98,10000.0,0.0,0.0,0.0,0.0,NA,8.96,345.58,NA,NA,419.74,10.65,NA,0.0618,2.4331,
E:\Codex\usrp_plt_1\build\uhd_cpp_gpu_pipeline\logs\fer_qpsk_dvbs2_500k_ebn0_0_05_8_20260524_232200\offline_gpu\DVB_S2_short_N16200_rate_1_4_qpsk_cuda-bp_EbN0_3.5dB.log,history_fer_dvbs2_qpsk,DVB-S2,DVB_S2_short_N16200_rate_1_4,LDPC,DVB-S2,16200,3240,0.2,CUDA BP,qpsk,3.5,-0.48,10000.0,0.0,0.0,0.0,0.0,NA,10.01,386.25,NA,NA,400.63,12.23,NA,0.0647,2.1198,
E:\Codex\usrp_plt_1\build\uhd_cpp_gpu_pipeline\logs\fer_qpsk_dvbs2_500k_ebn0_0_05_8_20260524_232200\offline_gpu\DVB_S2_short_N16200_rate_1_4_qpsk_cuda-bp_EbN0_4dB.log,history_fer_dvbs2_qpsk,DVB-S2,DVB_S2_short_N16200_rate_1_4,LDPC,DVB-S2,16200,3240,0.2,CUDA BP,qpsk,4.0,0.02,10000.0,0.0,0.0,0.0,0.0,NA,10.68,412.1,NA,NA,378.26,13.35,NA,0.0685,1.9416,
E:\Codex\usrp_plt_1\build\uhd_cpp_gpu_pipeline\logs\fer_qpsk_dvbs2_500k_ebn0_0_05_8_20260524_232200\offline_gpu\DVB_S2_short_N16200_rate_1_4_qpsk_cuda-bp_EbN0_4.5dB.log,history_fer_dvbs2_qpsk,DVB-S2,DVB_S2_short_N16200_rate_1_4,LDPC,DVB-S2,16200,3240,0.2,CUDA BP,qpsk,4.5,0.52,10000.0,0.0,0.0,0.0,0.0,NA,12.3,474.55,NA,NA,405.15,15.77,NA,0.064,1.644,
E:\Codex\usrp_plt_1\build\uhd_cpp_gpu_pipeline\logs\fer_qpsk_dvbs2_500k_ebn0_0_05_8_20260524_232200\offline_gpu\DVB_S2_short_N16200_rate_1_4_qpsk_cuda-bp_EbN0_5dB.log,history_fer_dvbs2_qpsk,DVB-S2,DVB_S2_short_N16200_rate_1_4,LDPC,DVB-S2,16200,3240,0.2,CUDA BP,qpsk,5.0,1.02,10000.0,0.0,0.0,0.0,0.0,NA,13.04,503.0,NA,NA,403.87,17.03,NA,0.0642,1.5224,
E:\Codex\usrp_plt_1\build\uhd_cpp_gpu_pipeline\logs\fer_qpsk_dvbs2_500k_ebn0_0_05_8_20260524_232200\offline_gpu\DVB_S2_short_N16200_rate_1_4_qpsk_cuda-bp_EbN0_5.5dB.log,history_fer_dvbs2_qpsk,DVB-S2,DVB_S2_short_N16200_rate_1_4,LDPC,DVB-S2,16200,3240,0.2,CUDA BP,qpsk,5.5,1.52,10000.0,0.0,0.0,0.0,0.0,NA,14.51,559.64,NA,NA,418.37,19.46,NA,0.062,1.3318,
E:\Codex\usrp_plt_1\build\uhd_cpp_gpu_pipeline\logs\fer_qpsk_dvbs2_500k_ebn0_0_05_8_20260524_232200\offline_gpu\DVB_S2_short_N16200_rate_1_4_qpsk_cuda-bp_EbN0_6dB.log,history_fer_dvbs2_qpsk,DVB-S2,DVB_S2_short_N16200_rate_1_4,LDPC,DVB-S2,16200,3240,0.2,CUDA BP,qpsk,6.0,2.02,10000.0,0.0,0.0,0.0,0.0,NA,15.86,611.87,NA,NA,439.52,21.72,NA,0.059,1.1934,
E:\Codex\usrp_plt_1\build\uhd_cpp_gpu_pipeline\logs\fer_qpsk_dvbs2_500k_ebn0_0_05_8_20260524_232200\offline_gpu\DVB_S2_short_N16200_rate_1_4_qpsk_cuda-bp_EbN0_6.5dB.log,history_fer_dvbs2_qpsk,DVB-S2,DVB_S2_short_N16200_rate_1_4,LDPC,DVB-S2,16200,3240,0.2,CUDA BP,qpsk,6.5,2.52,10000.0,0.0,0.0,0.0,0.0,NA,16.68,643.57,NA,NA,452.06,23.16,NA,0.0573,1.1194,
E:\Codex\usrp_plt_1\build\uhd_cpp_gpu_pipeline\logs\fer_qpsk_dvbs2_500k_ebn0_0_05_8_20260524_232200\offline_gpu\DVB_S2_short_N16200_rate_1_4_qpsk_cuda-bp_EbN0_7dB.log,history_fer_dvbs2_qpsk,DVB-S2,DVB_S2_short_N16200_rate_1_4,LDPC,DVB-S2,16200,3240,0.2,CUDA BP,qpsk,7.0,3.02,10000.0,0.0,0.0,0.0,0.0,NA,17.91,691.06,NA,NA,443.11,25.77,NA,0.0585,1.006,
E:\Codex\usrp_plt_1\build\uhd_cpp_gpu_pipeline\logs\fer_qpsk_dvbs2_500k_ebn0_0_05_8_20260524_232200\offline_gpu\DVB_S2_short_N16200_rate_1_4_qpsk_cuda-bp_EbN0_7.5dB.log,history_fer_dvbs2_qpsk,DVB-S2,DVB_S2_short_N16200_rate_1_4,LDPC,DVB-S2,16200,3240,0.2,CUDA BP,qpsk,7.5,3.52,10000.0,0.0,0.0,0.0,0.0,NA,18.5,713.56,NA,NA,398.3,27.34,NA,0.0651,0.9481,
E:\Codex\usrp_plt_1\build\uhd_cpp_gpu_pipeline\logs\fer_qpsk_dvbs2_500k_ebn0_0_05_8_20260524_232200\offline_gpu\DVB_S2_short_N16200_rate_1_4_qpsk_cuda-bp_EbN0_8dB.log,history_fer_dvbs2_qpsk,DVB-S2,DVB_S2_short_N16200_rate_1_4,LDPC,DVB-S2,16200,3240,0.2,CUDA BP,qpsk,8.0,4.02,10000.0,0.0,0.0,0.0,0.0,NA,18.84,726.94,NA,NA,386.33,28.24,NA,0.0671,0.9177,
E:\Codex\usrp_plt_1\build\uhd_cpp_gpu_pipeline\logs\fer_qpsk_dvbs2_500k_ebn0_0_05_8_20260524_232200\offline_gpu\DVB_S2_short_N16200_rate_5_6_qpsk_cuda-bp_EbN0_0dB.log,history_fer_dvbs2_qpsk,DVB-S2,DVB_S2_short_N16200_rate_5_6,LDPC,DVB-S2,16200,13320,0.822222222222222,CUDA BP,qpsk,0.0,2.16,100.0,100.0,117871.0,0.1107,1.0,NA,0.0,78.73,NA,NA,1473.04,8.85,NA,0.0723,12.034,
E:\Codex\usrp_plt_1\build\uhd_cpp_gpu_pipeline\logs\fer_qpsk_dvbs2_500k_ebn0_0_05_8_20260524_232200\offline_gpu\DVB_S2_short_N16200_rate_5_6_qpsk_cuda-bp_EbN0_0.5dB.log,history_fer_dvbs2_qpsk,DVB-S2,DVB_S2_short_N16200_rate_5_6,LDPC,DVB-S2,16200,13320,0.822222222222222,CUDA BP,qpsk,0.5,2.66,100.0,100.0,103900.0,0.09742,1.0,NA,0.0,79.73,NA,NA,1744.97,8.96,NA,0.0611,11.8978,
E:\Codex\usrp_plt_1\build\uhd_cpp_gpu_pipeline\logs\fer_qpsk_dvbs2_500k_ebn0_0_05_8_20260524_232200\offline_gpu\DVB_S2_short_N16200_rate_5_6_qpsk_cuda-bp_EbN0_1dB.log,history_fer_dvbs2_qpsk,DVB-S2,DVB_S2_short_N16200_rate_5_6,LDPC,DVB-S2,16200,13320,0.822222222222222,CUDA BP,qpsk,1.0,3.16,100.0,100.0,89331.0,0.08377,1.0,NA,0.0,79.68,NA,NA,1842.74,8.94,NA,0.0578,11.9168,
E:\Codex\usrp_plt_1\build\uhd_cpp_gpu_pipeline\logs\fer_qpsk_dvbs2_500k_ebn0_0_05_8_20260524_232200\offline_gpu\DVB_S2_short_N16200_rate_5_6_qpsk_cuda-bp_EbN0_1.5dB.log,history_fer_dvbs2_qpsk,DVB-S2,DVB_S2_short_N16200_rate_5_6,LDPC,DVB-S2,16200,13320,0.822222222222222,CUDA BP,qpsk,1.5,3.66,100.0,100.0,74172.0,0.06951,1.0,NA,0.0,81.07,NA,NA,2088.14,9.09,NA,0.051,11.7255,
E:\Codex\usrp_plt_1\build\uhd_cpp_gpu_pipeline\logs\fer_qpsk_dvbs2_500k_ebn0_0_05_8_20260524_232200\offline_gpu\DVB_S2_short_N16200_rate_5_6_qpsk_cuda-bp_EbN0_2dB.log,history_fer_dvbs2_qpsk,DVB-S2,DVB_S2_short_N16200_rate_5_6,LDPC,DVB-S2,16200,13320,0.822222222222222,CUDA BP,qpsk,2.0,4.16,100.0,100.0,56857.0,0.05351,1.0,NA,0.0,77.15,NA,NA,2013.72,8.64,NA,0.0529,12.3348,
E:\Codex\usrp_plt_1\build\uhd_cpp_gpu_pipeline\logs\fer_qpsk_dvbs2_500k_ebn0_0_05_8_20260524_232200\offline_gpu\DVB_S2_short_N16200_rate_5_6_qpsk_cuda-bp_EbN0_2.5dB.log,history_fer_dvbs2_qpsk,DVB-S2,DVB_S2_short_N16200_rate_5_6,LDPC,DVB-S2,16200,13320,0.822222222222222,CUDA BP,qpsk,2.5,4.66,100.0,100.0,36147.0,0.0339,1.0,NA,0.0,77.11,NA,NA,1984.47,8.64,NA,0.0537,12.3289,
E:\Codex\usrp_plt_1\build\uhd_cpp_gpu_pipeline\logs\fer_qpsk_dvbs2_500k_ebn0_0_05_8_20260524_232200\offline_gpu\DVB_S2_short_N16200_rate_5_6_qpsk_cuda-bp_EbN0_3dB.log,history_fer_dvbs2_qpsk,DVB-S2,DVB_S2_short_N16200_rate_5_6,LDPC,DVB-S2,16200,13320,0.822222222222222,CUDA BP,qpsk,3.0,5.16,221.0,100.0,1661.0,0.0008891,0.4525,NA,6.11,104.65,NA,NA,1696.45,11.96,NA,0.0628,8.91,
E:\Codex\usrp_plt_1\build\uhd_cpp_gpu_pipeline\logs\fer_qpsk_dvbs2_500k_ebn0_0_05_8_20260524_232200\offline_gpu\DVB_S2_short_N16200_rate_5_6_qpsk_cuda-bp_EbN0_3.5dB.log,history_fer_dvbs2_qpsk,DVB-S2,DVB_S2_short_N16200_rate_5_6,LDPC,DVB-S2,16200,13320,0.822222222222222,CUDA BP,qpsk,3.5,5.66,239596.0,100.0,1252.0,4.441e-07,0.0004174,NA,39.04,366.5,NA,NA,1680.11,59.64,NA,0.0634,1.7868,
E:\Codex\usrp_plt_1\build\uhd_cpp_gpu_pipeline\logs\fer_qpsk_dvbs2_500k_ebn0_0_05_8_20260524_232200\offline_gpu\DVB_S2_short_N16200_rate_5_6_qpsk_cuda-bp_EbN0_4dB.log,history_fer_dvbs2_qpsk,DVB-S2,DVB_S2_short_N16200_rate_5_6,LDPC,DVB-S2,16200,13320,0.822222222222222,CUDA BP,qpsk,4.0,6.16,500000.0,35.0,157.0,1.361e-08,7e-05,NA,48.62,456.26,NA,NA,1611.71,84.89,NA,0.0661,1.2553,
E:\Codex\usrp_plt_1\build\uhd_cpp_gpu_pipeline\logs\fer_qpsk_dvbs2_500k_ebn0_0_05_8_20260524_232200\offline_gpu\DVB_S2_short_N16200_rate_5_6_qpsk_cuda-bp_EbN0_4.5dB.log,history_fer_dvbs2_qpsk,DVB-S2,DVB_S2_short_N16200_rate_5_6,LDPC,DVB-S2,16200,13320,0.822222222222222,CUDA BP,qpsk,4.5,6.66,10000.0,0.0,0.0,0.0,0.0,NA,56.75,532.56,NA,NA,1755.67,105.12,NA,0.0607,1.0137,
E:\Codex\usrp_plt_1\build\uhd_cpp_gpu_pipeline\logs\fer_qpsk_dvbs2_500k_ebn0_0_05_8_20260524_232200\offline_gpu\DVB_S2_short_N16200_rate_5_6_qpsk_cuda-bp_EbN0_5dB.log,history_fer_dvbs2_qpsk,DVB-S2,DVB_S2_short_N16200_rate_5_6,LDPC,DVB-S2,16200,13320,0.822222222222222,CUDA BP,qpsk,5.0,7.16,10000.0,0.0,0.0,0.0,0.0,NA,58.85,552.25,NA,NA,1736.07,116.79,NA,0.0614,0.9124,
E:\Codex\usrp_plt_1\build\uhd_cpp_gpu_pipeline\logs\fer_qpsk_dvbs2_500k_ebn0_0_05_8_20260524_232200\offline_gpu\DVB_S2_short_N16200_rate_5_6_qpsk_cuda-bp_EbN0_5.5dB.log,history_fer_dvbs2_qpsk,DVB-S2,DVB_S2_short_N16200_rate_5_6,LDPC,DVB-S2,16200,13320,0.822222222222222,CUDA BP,qpsk,5.5,7.66,10000.0,0.0,0.0,0.0,0.0,NA,61.06,572.98,NA,NA,1548.55,126.96,NA,0.0688,0.8393,
E:\Codex\usrp_plt_1\build\uhd_cpp_gpu_pipeline\logs\fer_qpsk_dvbs2_500k_ebn0_0_05_8_20260524_232200\offline_gpu\DVB_S2_short_N16200_rate_5_6_qpsk_cuda-bp_EbN0_6dB.log,history_fer_dvbs2_qpsk,DVB-S2,DVB_S2_short_N16200_rate_5_6,LDPC,DVB-S2,16200,13320,0.822222222222222,CUDA BP,qpsk,6.0,8.16,10000.0,0.0,0.0,0.0,0.0,NA,60.66,569.21,NA,NA,1546.72,125.97,NA,0.0689,0.8459,
E:\Codex\usrp_plt_1\build\uhd_cpp_gpu_pipeline\logs\fer_qpsk_dvbs2_500k_ebn0_0_05_8_20260524_232200\offline_gpu\DVB_S2_short_N16200_rate_5_6_qpsk_cuda-bp_EbN0_6.5dB.log,history_fer_dvbs2_qpsk,DVB-S2,DVB_S2_short_N16200_rate_5_6,LDPC,DVB-S2,16200,13320,0.822222222222222,CUDA BP,qpsk,6.5,8.66,10000.0,0.0,0.0,0.0,0.0,NA,62.77,589.04,NA,NA,1603.47,134.76,NA,0.0665,0.7907,
E:\Codex\usrp_plt_1\build\uhd_cpp_gpu_pipeline\logs\fer_qpsk_dvbs2_500k_ebn0_0_05_8_20260524_232200\offline_gpu\DVB_S2_short_N16200_rate_5_6_qpsk_cuda-bp_EbN0_7dB.log,history_fer_dvbs2_qpsk,DVB-S2,DVB_S2_short_N16200_rate_5_6,LDPC,DVB-S2,16200,13320,0.822222222222222,CUDA BP,qpsk,7.0,9.16,10000.0,0.0,0.0,0.0,0.0,NA,67.33,631.8,NA,NA,1601.07,159.62,NA,0.0666,0.6676,
E:\Codex\usrp_plt_1\build\uhd_cpp_gpu_pipeline\logs\fer_qpsk_dvbs2_500k_ebn0_0_05_8_20260524_232200\offline_gpu\DVB_S2_short_N16200_rate_5_6_qpsk_cuda-bp_EbN0_7.5dB.log,history_fer_dvbs2_qpsk,DVB-S2,DVB_S2_short_N16200_rate_5_6,LDPC,DVB-S2,16200,13320,0.822222222222222,CUDA BP,qpsk,7.5,9.66,10000.0,0.0,0.0,0.0,0.0,NA,72.4,679.46,NA,NA,1659.05,182.26,NA,0.0642,0.5847,
E:\Codex\usrp_plt_1\build\uhd_cpp_gpu_pipeline\logs\fer_qpsk_dvbs2_500k_ebn0_0_05_8_20260524_232200\offline_gpu\DVB_S2_short_N16200_rate_5_6_qpsk_cuda-bp_EbN0_8dB.log,history_fer_dvbs2_qpsk,DVB-S2,DVB_S2_short_N16200_rate_5_6,LDPC,DVB-S2,16200,13320,0.822222222222222,CUDA BP,qpsk,8.0,10.16,10000.0,0.0,0.0,0.0,0.0,NA,72.73,682.52,NA,NA,1635.34,184.2,NA,0.0652,0.5785,
E:\Codex\usrp_plt_1\build\uhd_cpp_gpu_pipeline\logs\fer_qpsk_nr_ldpc_polar_100k_ebn0_0_1_8_20260602_214904\offline_gpu\LDPC_5G_BG1_N128_K64_H_qpsk_cuda-bp-osd_EbN0_0dB.log,new_nr_fer_qpsk,NR-LDPC,LDPC_5G_BG1_N128_K64_H,LDPC,5G NR,138,66,0.478260869565217,CUDA BP-OSD,qpsk,0.0,NA,100.0,100.0,NA,0.102,1.0,NA,0.0,1066.72,NA,NA,NA,NA,NA,NA,NA,OK_CONTINUE: 
E:\Codex\usrp_plt_1\build\uhd_cpp_gpu_pipeline\logs\fer_qpsk_nr_ldpc_polar_100k_ebn0_0_1_8_20260602_214904\offline_gpu\LDPC_5G_BG1_N128_K64_H_qpsk_cuda-bp-osd_EbN0_1dB.log,new_nr_fer_qpsk,NR-LDPC,LDPC_5G_BG1_N128_K64_H,LDPC,5G NR,138,66,0.478260869565217,CUDA BP-OSD,qpsk,1.0,NA,100.0,100.0,NA,0.03054,1.0,NA,0.0,1207.26,NA,NA,NA,NA,NA,NA,NA,OK_CONTINUE: 
E:\Codex\usrp_plt_1\build\uhd_cpp_gpu_pipeline\logs\fer_qpsk_nr_ldpc_polar_100k_ebn0_0_1_8_20260602_214904\offline_gpu\LDPC_5G_BG1_N128_K64_H_qpsk_cuda-bp-osd_EbN0_2dB.log,new_nr_fer_qpsk,NR-LDPC,LDPC_5G_BG1_N128_K64_H,LDPC,5G NR,138,66,0.478260869565217,CUDA BP-OSD,qpsk,2.0,NA,100.0,100.0,NA,0.004383,1.0,NA,0.0,1708.76,NA,NA,NA,NA,NA,NA,NA,OK_CONTINUE: 
E:\Codex\usrp_plt_1\build\uhd_cpp_gpu_pipeline\logs\fer_qpsk_nr_ldpc_polar_100k_ebn0_0_1_8_20260602_214904\offline_gpu\LDPC_5G_BG1_N128_K64_H_qpsk_cuda-bp-osd_EbN0_3dB.log,new_nr_fer_qpsk,NR-LDPC,LDPC_5G_BG1_N128_K64_H,LDPC,5G NR,138,66,0.478260869565217,CUDA BP-OSD,qpsk,3.0,NA,185.0,100.0,NA,0.0004757,0.5405,NA,7.39,2031.66,NA,NA,NA,NA,NA,NA,NA,OK_CONTINUE: 
E:\Codex\usrp_plt_1\build\uhd_cpp_gpu_pipeline\logs\fer_qpsk_nr_ldpc_polar_100k_ebn0_0_1_8_20260602_214904\offline_gpu\LDPC_5G_BG1_N128_K64_H_qpsk_cuda-bp-osd_EbN0_4dB.log,new_nr_fer_qpsk,NR-LDPC,LDPC_5G_BG1_N128_K64_H,LDPC,5G NR,138,66,0.478260869565217,CUDA BP-OSD,qpsk,4.0,NA,721.0,100.0,NA,8.756e-05,0.1387,NA,17.02,2494.87,NA,NA,NA,NA,NA,NA,NA,OK_CONTINUE: 
E:\Codex\usrp_plt_1\build\uhd_cpp_gpu_pipeline\logs\fer_qpsk_nr_ldpc_polar_100k_ebn0_0_1_8_20260602_214904\offline_gpu\LDPC_5G_BG1_N128_K64_H_qpsk_cuda-bp-osd_EbN0_5dB.log,new_nr_fer_qpsk,NR-LDPC,LDPC_5G_BG1_N128_K64_H,LDPC,5G NR,138,66,0.478260869565217,CUDA BP-OSD,qpsk,5.0,NA,3419.0,100.0,NA,1.64e-05,0.02925,NA,27.73,3606.99,NA,NA,NA,NA,NA,NA,NA,OK_CONTINUE: 
E:\Codex\usrp_plt_1\build\uhd_cpp_gpu_pipeline\logs\fer_qpsk_nr_ldpc_polar_100k_ebn0_0_1_8_20260602_214904\offline_gpu\LDPC_5G_BG1_N128_K64_H_qpsk_cuda-bp-osd_EbN0_6dB.log,new_nr_fer_qpsk,NR-LDPC,LDPC_5G_BG1_N128_K64_H,LDPC,5G NR,138,66,0.478260869565217,CUDA BP-OSD,qpsk,6.0,NA,27336.0,100.0,NA,2.032e-06,0.003658,NA,38.17,4836.53,NA,NA,NA,NA,NA,NA,NA,OK_CONTINUE: 
E:\Codex\usrp_plt_1\build\uhd_cpp_gpu_pipeline\logs\fer_qpsk_nr_ldpc_polar_100k_ebn0_0_1_8_20260602_214904\offline_gpu\LDPC_5G_BG1_N128_K64_H_qpsk_cuda-bp-osd_EbN0_7dB.log,new_nr_fer_qpsk,NR-LDPC,LDPC_5G_BG1_N128_K64_H,LDPC,5G NR,138,66,0.478260869565217,CUDA BP-OSD,qpsk,7.0,NA,100000.0,32.0,NA,1.793e-07,0.00032,NA,40.88,5163.69,NA,NA,NA,NA,NA,NA,NA,OK_CONTINUE: 
E:\Codex\usrp_plt_1\build\uhd_cpp_gpu_pipeline\logs\fer_qpsk_nr_ldpc_polar_100k_ebn0_0_1_8_20260602_214904\offline_gpu\LDPC_5G_BG1_N128_K64_H_qpsk_cuda-bp-osd_EbN0_8dB.log,new_nr_fer_qpsk,NR-LDPC,LDPC_5G_BG1_N128_K64_H,LDPC,5G NR,138,66,0.478260869565217,CUDA BP-OSD,qpsk,8.0,NA,100000.0,0.0,NA,0.0,0.0,NA,45.12,5697.45,NA,NA,NA,NA,NA,NA,NA,OK_STOP_THRESHOLD_REACHED: FER=0 < 0.0001; later Eb/N0 points skipped for this code.
E:\Codex\usrp_plt_1\build\uhd_cpp_gpu_pipeline\logs\fer_qpsk_nr_ldpc_polar_100k_ebn0_0_1_8_20260602_214904\offline_gpu\LDPC_5G_BG1_N128_K85_H_qpsk_cuda-bp-osd_EbN0_0dB.log,new_nr_fer_qpsk,NR-LDPC,LDPC_5G_BG1_N128_K85_H,LDPC,5G NR,140,88,0.628571428571429,CUDA BP-OSD,qpsk,0.0,NA,100.0,100.0,NA,0.1215,1.0,NA,0.0,837.16,NA,NA,NA,NA,NA,NA,NA,OK_CONTINUE: 
E:\Codex\usrp_plt_1\build\uhd_cpp_gpu_pipeline\logs\fer_qpsk_nr_ldpc_polar_100k_ebn0_0_1_8_20260602_214904\offline_gpu\LDPC_5G_BG1_N128_K85_H_qpsk_cuda-bp-osd_EbN0_1dB.log,new_nr_fer_qpsk,NR-LDPC,LDPC_5G_BG1_N128_K85_H,LDPC,5G NR,140,88,0.628571428571429,CUDA BP-OSD,qpsk,1.0,NA,100.0,100.0,NA,0.05541,1.0,NA,0.0,1019.17,NA,NA,NA,NA,NA,NA,NA,OK_CONTINUE: 
E:\Codex\usrp_plt_1\build\uhd_cpp_gpu_pipeline\logs\fer_qpsk_nr_ldpc_polar_100k_ebn0_0_1_8_20260602_214904\offline_gpu\LDPC_5G_BG1_N128_K85_H_qpsk_cuda-bp-osd_EbN0_2dB.log,new_nr_fer_qpsk,NR-LDPC,LDPC_5G_BG1_N128_K85_H,LDPC,5G NR,140,88,0.628571428571429,CUDA BP-OSD,qpsk,2.0,NA,100.0,100.0,NA,0.01166,1.0,NA,0.0,1271.9,NA,NA,NA,NA,NA,NA,NA,OK_CONTINUE: 
E:\Codex\usrp_plt_1\build\uhd_cpp_gpu_pipeline\logs\fer_qpsk_nr_ldpc_polar_100k_ebn0_0_1_8_20260602_214904\offline_gpu\LDPC_5G_BG1_N128_K85_H_qpsk_cuda-bp-osd_EbN0_3dB.log,new_nr_fer_qpsk,NR-LDPC,LDPC_5G_BG1_N128_K85_H,LDPC,5G NR,140,88,0.628571428571429,CUDA BP-OSD,qpsk,3.0,NA,117.0,100.0,NA,0.001034,0.8547,NA,2.66,1873.76,NA,NA,NA,NA,NA,NA,NA,OK_CONTINUE: 
E:\Codex\usrp_plt_1\build\uhd_cpp_gpu_pipeline\logs\fer_qpsk_nr_ldpc_polar_100k_ebn0_0_1_8_20260602_214904\offline_gpu\LDPC_5G_BG1_N128_K85_H_qpsk_cuda-bp-osd_EbN0_4dB.log,new_nr_fer_qpsk,NR-LDPC,LDPC_5G_BG1_N128_K85_H,LDPC,5G NR,140,88,0.628571428571429,CUDA BP-OSD,qpsk,4.0,NA,481.0,100.0,NA,9.727e-05,0.2079,NA,17.45,2255.68,NA,NA,NA,NA,NA,NA,NA,OK_CONTINUE: 
E:\Codex\usrp_plt_1\build\uhd_cpp_gpu_pipeline\logs\fer_qpsk_nr_ldpc_polar_100k_ebn0_0_1_8_20260602_214904\offline_gpu\LDPC_5G_BG1_N128_K85_H_qpsk_cuda-bp-osd_EbN0_5dB.log,new_nr_fer_qpsk,NR-LDPC,LDPC_5G_BG1_N128_K85_H,LDPC,5G NR,140,88,0.628571428571429,CUDA BP-OSD,qpsk,5.0,NA,2287.0,100.0,NA,1.786e-05,0.04373,NA,26.58,2845.16,NA,NA,NA,NA,NA,NA,NA,OK_CONTINUE: 
E:\Codex\usrp_plt_1\build\uhd_cpp_gpu_pipeline\logs\fer_qpsk_nr_ldpc_polar_100k_ebn0_0_1_8_20260602_214904\offline_gpu\LDPC_5G_BG1_N128_K85_H_qpsk_cuda-bp-osd_EbN0_6dB.log,new_nr_fer_qpsk,NR-LDPC,LDPC_5G_BG1_N128_K85_H,LDPC,5G NR,140,88,0.628571428571429,CUDA BP-OSD,qpsk,6.0,NA,26528.0,100.0,NA,1.482e-06,0.00377,NA,45.24,4649.0,NA,NA,NA,NA,NA,NA,NA,OK_CONTINUE: 
E:\Codex\usrp_plt_1\build\uhd_cpp_gpu_pipeline\logs\fer_qpsk_nr_ldpc_polar_100k_ebn0_0_1_8_20260602_214904\offline_gpu\LDPC_5G_BG1_N128_K85_H_qpsk_cuda-bp-osd_EbN0_7dB.log,new_nr_fer_qpsk,NR-LDPC,LDPC_5G_BG1_N128_K85_H,LDPC,5G NR,140,88,0.628571428571429,CUDA BP-OSD,qpsk,7.0,NA,100000.0,24.0,NA,1.003e-07,0.00024,NA,50.66,5188.05,NA,NA,NA,NA,NA,NA,NA,OK_CONTINUE: 
E:\Codex\usrp_plt_1\build\uhd_cpp_gpu_pipeline\logs\fer_qpsk_nr_ldpc_polar_100k_ebn0_0_1_8_20260602_214904\offline_gpu\LDPC_5G_BG1_N128_K85_H_qpsk_cuda-bp-osd_EbN0_8dB.log,new_nr_fer_qpsk,NR-LDPC,LDPC_5G_BG1_N128_K85_H,LDPC,5G NR,140,88,0.628571428571429,CUDA BP-OSD,qpsk,8.0,NA,100000.0,3.0,NA,1.229e-08,3e-05,NA,51.73,5295.97,NA,NA,NA,NA,NA,NA,NA,OK_STOP_THRESHOLD_REACHED: FER=3E-05 < 0.0001; later Eb/N0 points skipped for this code.
E:\Codex\usrp_plt_1\build\uhd_cpp_gpu_pipeline\logs\fer_qpsk_nr_ldpc_polar_100k_ebn0_0_1_8_20260602_214904\offline_gpu\LDPC_5G_BG2_N128_K64_H_qpsk_cuda-bp-osd_EbN0_0dB.log,new_nr_fer_qpsk,NR-LDPC,LDPC_5G_BG2_N128_K64_H,LDPC,5G NR,154,66,0.428571428571429,CUDA BP-OSD,qpsk,0.0,NA,100.0,100.0,NA,0.102,1.0,NA,0.0,1327.79,NA,NA,NA,NA,NA,NA,NA,OK_CONTINUE: 
E:\Codex\usrp_plt_1\build\uhd_cpp_gpu_pipeline\logs\fer_qpsk_nr_ldpc_polar_100k_ebn0_0_1_8_20260602_214904\offline_gpu\LDPC_5G_BG2_N128_K64_H_qpsk_cuda-bp-osd_EbN0_1dB.log,new_nr_fer_qpsk,NR-LDPC,LDPC_5G_BG2_N128_K64_H,LDPC,5G NR,154,66,0.428571428571429,CUDA BP-OSD,qpsk,1.0,NA,100.0,100.0,NA,0.02844,1.0,NA,0.0,1668.37,NA,NA,NA,NA,NA,NA,NA,OK_CONTINUE: 
E:\Codex\usrp_plt_1\build\uhd_cpp_gpu_pipeline\logs\fer_qpsk_nr_ldpc_polar_100k_ebn0_0_1_8_20260602_214904\offline_gpu\LDPC_5G_BG2_N128_K64_H_qpsk_cuda-bp-osd_EbN0_2dB.log,new_nr_fer_qpsk,NR-LDPC,LDPC_5G_BG2_N128_K64_H,LDPC,5G NR,154,66,0.428571428571429,CUDA BP-OSD,qpsk,2.0,NA,114.0,100.0,NA,0.002768,0.8772,NA,2.18,2244.53,NA,NA,NA,NA,NA,NA,NA,OK_CONTINUE: 
E:\Codex\usrp_plt_1\build\uhd_cpp_gpu_pipeline\logs\fer_qpsk_nr_ldpc_polar_100k_ebn0_0_1_8_20260602_214904\offline_gpu\LDPC_5G_BG2_N128_K64_H_qpsk_cuda-bp-osd_EbN0_3dB.log,new_nr_fer_qpsk,NR-LDPC,LDPC_5G_BG2_N128_K64_H,LDPC,5G NR,154,66,0.428571428571429,CUDA BP-OSD,qpsk,3.0,NA,1063.0,100.0,NA,9.562e-05,0.09407,NA,20.47,2853.28,NA,NA,NA,NA,NA,NA,NA,OK_CONTINUE: 
E:\Codex\usrp_plt_1\build\uhd_cpp_gpu_pipeline\logs\fer_qpsk_nr_ldpc_polar_100k_ebn0_0_1_8_20260602_214904\offline_gpu\LDPC_5G_BG2_N128_K64_H_qpsk_cuda-bp-osd_EbN0_4dB.log,new_nr_fer_qpsk,NR-LDPC,LDPC_5G_BG2_N128_K64_H,LDPC,5G NR,154,66,0.428571428571429,CUDA BP-OSD,qpsk,4.0,NA,31903.0,100.0,NA,2.343e-06,0.003135,NA,29.91,3788.1,NA,NA,NA,NA,NA,NA,NA,OK_CONTINUE: 
E:\Codex\usrp_plt_1\build\uhd_cpp_gpu_pipeline\logs\fer_qpsk_nr_ldpc_polar_100k_ebn0_0_1_8_20260602_214904\offline_gpu\LDPC_5G_BG2_N128_K64_H_qpsk_cuda-bp-osd_EbN0_5dB.log,new_nr_fer_qpsk,NR-LDPC,LDPC_5G_BG2_N128_K64_H,LDPC,5G NR,154,66,0.428571428571429,CUDA BP-OSD,qpsk,5.0,NA,100000.0,6.0,NA,4.04e-08,6e-05,NA,38.56,4868.95,NA,NA,NA,NA,NA,NA,NA,OK_STOP_THRESHOLD_REACHED: FER=6E-05 < 0.0001; later Eb/N0 points skipped for this code.
E:\Codex\usrp_plt_1\build\uhd_cpp_gpu_pipeline\logs\fer_qpsk_nr_ldpc_polar_100k_ebn0_0_1_8_20260602_214904\offline_gpu\LDPC_5G_BG2_N128_K96_H_qpsk_cuda-bp-osd_EbN0_0dB.log,new_nr_fer_qpsk,NR-LDPC,LDPC_5G_BG2_N128_K96_H,LDPC,5G NR,160,96,0.6,CUDA BP-OSD,qpsk,0.0,NA,100.0,100.0,NA,0.1185,1.0,NA,0.0,862.46,NA,NA,NA,NA,NA,NA,NA,OK_CONTINUE: 
E:\Codex\usrp_plt_1\build\uhd_cpp_gpu_pipeline\logs\fer_qpsk_nr_ldpc_polar_100k_ebn0_0_1_8_20260602_214904\offline_gpu\LDPC_5G_BG2_N128_K96_H_qpsk_cuda-bp-osd_EbN0_1dB.log,new_nr_fer_qpsk,NR-LDPC,LDPC_5G_BG2_N128_K96_H,LDPC,5G NR,160,96,0.6,CUDA BP-OSD,qpsk,1.0,NA,100.0,100.0,NA,0.05227,1.0,NA,0.0,1017.33,NA,NA,NA,NA,NA,NA,NA,OK_CONTINUE: 
E:\Codex\usrp_plt_1\build\uhd_cpp_gpu_pipeline\logs\fer_qpsk_nr_ldpc_polar_100k_ebn0_0_1_8_20260602_214904\offline_gpu\LDPC_5G_BG2_N128_K96_H_qpsk_cuda-bp-osd_EbN0_2dB.log,new_nr_fer_qpsk,NR-LDPC,LDPC_5G_BG2_N128_K96_H,LDPC,5G NR,160,96,0.6,CUDA BP-OSD,qpsk,2.0,NA,100.0,100.0,NA,0.01002,1.0,NA,0.0,1586.87,NA,NA,NA,NA,NA,NA,NA,OK_CONTINUE: 
E:\Codex\usrp_plt_1\build\uhd_cpp_gpu_pipeline\logs\fer_qpsk_nr_ldpc_polar_100k_ebn0_0_1_8_20260602_214904\offline_gpu\LDPC_5G_BG2_N128_K96_H_qpsk_cuda-bp-osd_EbN0_3dB.log,new_nr_fer_qpsk,NR-LDPC,LDPC_5G_BG2_N128_K96_H,LDPC,5G NR,160,96,0.6,CUDA BP-OSD,qpsk,3.0,NA,164.0,100.0,NA,0.0007675,0.6098,NA,7.96,2213.03,NA,NA,NA,NA,NA,NA,NA,OK_CONTINUE: 
E:\Codex\usrp_plt_1\build\uhd_cpp_gpu_pipeline\logs\fer_qpsk_nr_ldpc_polar_100k_ebn0_0_1_8_20260602_214904\offline_gpu\LDPC_5G_BG2_N128_K96_H_qpsk_cuda-bp-osd_EbN0_4dB.log,new_nr_fer_qpsk,NR-LDPC,LDPC_5G_BG2_N128_K96_H,LDPC,5G NR,160,96,0.6,CUDA BP-OSD,qpsk,4.0,NA,773.0,100.0,NA,7.664e-05,0.1294,NA,19.71,2456.84,NA,NA,NA,NA,NA,NA,NA,OK_CONTINUE: 
E:\Codex\usrp_plt_1\build\uhd_cpp_gpu_pipeline\logs\fer_qpsk_nr_ldpc_polar_100k_ebn0_0_1_8_20260602_214904\offline_gpu\LDPC_5G_BG2_N128_K96_H_qpsk_cuda-bp-osd_EbN0_5dB.log,new_nr_fer_qpsk,NR-LDPC,LDPC_5G_BG2_N128_K96_H,LDPC,5G NR,160,96,0.6,CUDA BP-OSD,qpsk,5.0,NA,7883.0,100.0,NA,6.841e-06,0.01269,NA,42.82,4705.91,NA,NA,NA,NA,NA,NA,NA,OK_CONTINUE: 
E:\Codex\usrp_plt_1\build\uhd_cpp_gpu_pipeline\logs\fer_qpsk_nr_ldpc_polar_100k_ebn0_0_1_8_20260602_214904\offline_gpu\LDPC_5G_BG2_N128_K96_H_qpsk_cuda-bp-osd_EbN0_6dB.log,new_nr_fer_qpsk,NR-LDPC,LDPC_5G_BG2_N128_K96_H,LDPC,5G NR,160,96,0.6,CUDA BP-OSD,qpsk,6.0,NA,100000.0,89.0,NA,4.829e-07,0.00089,NA,46.89,5092.21,NA,NA,NA,NA,NA,NA,NA,OK_CONTINUE: 
E:\Codex\usrp_plt_1\build\uhd_cpp_gpu_pipeline\logs\fer_qpsk_nr_ldpc_polar_100k_ebn0_0_1_8_20260602_214904\offline_gpu\LDPC_5G_BG2_N128_K96_H_qpsk_cuda-bp-osd_EbN0_7dB.log,new_nr_fer_qpsk,NR-LDPC,LDPC_5G_BG2_N128_K96_H,LDPC,5G NR,160,96,0.6,CUDA BP-OSD,qpsk,7.0,NA,100000.0,6.0,NA,3.255e-08,6e-05,NA,47.05,5105.27,NA,NA,NA,NA,NA,NA,NA,OK_STOP_THRESHOLD_REACHED: FER=6E-05 < 0.0001; later Eb/N0 points skipped for this code.
