"category","run_mode","source_kind","test_name","fec_type","code","code_rate","modulation","decoder_type","ebn0_db","snr_db","avg_snr_db","min_snr_db","frames","ok","err","ber","fer","fps","goodput_mbps","throughput_mbps","avg_frame_latency_ms","fec_latency_ms","rx_demod_latency_ms","fft_ms_per_frame","llr_ms_per_frame","avg_evm","avg_abs_cfo_hz","avg_decode_iter","sync_peak","rx_overflow_count","tx_underflow_count","overflow_zero","evm_gt_0p25","media_complete","media_bytes","source_file"
"usrp_realtime","usrp_realtime","csv_row","usrp_25msps_gain_boundary_summary","unknown","","","","","","","","","10653","10653","0","0","0","177.44","18.91","18.91","","","","","","","","","","","","","","n/a","","build\uhd_cpp_gpu_pipeline\logs\integrated_results_20260527\usrp_25msps_gain_boundary_summary.csv"
"usrp_realtime","usrp_realtime","log_final_summary","sim","unknown","","","","osd","","","","","1600","1600","0","","0","111.65","6.17","6.17","","","","","","","","","","0","0","yes","","yes","985007","build\uhd_cpp\ui_gpu_osd_sim_cache_20260511_132833\sim.log"
"usrp_realtime","usrp_realtime","log_final_summary","rx","unknown","","","","osd","","","","","4465","3885","580","","0.1299","122.96","0.99","0.99","","","","","","","","","","0","0","yes","","yes","","build\uhd_cpp\fixed3_no_ui_bp_osd_8m_sc256_20260511_115325\rx.log"
"usrp_realtime","usrp_realtime","log_final_summary","DVB_S2_short_N16200_rate_5_6_16qam_cuda-bp_full_gpu_pipeline_usrp","DVB-S2 LDPC","DVB_S2_short_N16200_rate_5_6_16qam_cuda-bp_full_gpu_pipeline_usrp.log","5/6","16qam","CUDA BP","","","0","0","10622","10621","1","1.184E-07","9.414E-05","176.94","37.71","37.71","2.02","1.34","","0","0.24","","","","","232","0","no","","unknown_or_no","","build\uhd_cpp_gpu_pipeline\logs\startup_amc_selected_validation_20260528\stream_throughput_dvbs2_r56_16qam\usrp\DVB_S2_short_N16200_rate_5_6_16qam_cuda-bp_full_gpu_pipeline_usrp.log"
"usrp_realtime","usrp_realtime","csv_row","usrp_metrics","DVB-S2 LDPC","DVB_S2_short_N16200_rate_5_6","5/6","16qam","CUDA BP","","","0","","10622","10621","1","","9.414E-05","176.94","37.71","37.71","","","","","","","","","","","","","","n/a","","build\uhd_cpp_gpu_pipeline\logs\startup_amc_selected_validation_20260528\stream_throughput_dvbs2_r56_16qam\usrp_metrics.csv"
"usrp_realtime","usrp_realtime","log_final_summary","DVB_S2_short_N16200_rate_5_6_16qam_cuda-bp_full_gpu_pipeline_usrp","DVB-S2 LDPC","DVB_S2_short_N16200_rate_5_6_16qam_cuda-bp_full_gpu_pipeline_usrp.log","5/6","16qam","CUDA BP","","","0","0","845","845","0","0","0","168.56","35.92","35.92","1.81","1.18","","0","0.18","","","","","16","0","no","","unknown_or_no","","build\uhd_cpp_gpu_pipeline\logs\startup_amc_calibration_formal_20260528\usrp\usrp\DVB_S2_short_N16200_rate_5_6_16qam_cuda-bp_full_gpu_pipeline_usrp.log"
"usrp_realtime","usrp_realtime","csv_row","full_gpu_passing_profiles","DVB-S2 LDPC","DVB_S2_short_N16200_rate_5_6","5/6","16qam","","","","","","845","","0","","0","","35.92","35.92","","","","","","","","","","","","","","n/a","","build\uhd_cpp_gpu_pipeline\logs\startup_amc_calibration_formal_20260528\usrp\full_gpu_passing_profiles.csv"
"usrp_realtime","usrp_realtime","csv_row","usrp_metrics","DVB-S2 LDPC","DVB_S2_short_N16200_rate_5_6","5/6","16qam","CUDA BP","","","0","","845","845","0","","0","168.56","35.92","35.92","","","","","","","","","","","","","","n/a","","build\uhd_cpp_gpu_pipeline\logs\startup_amc_calibration_formal_20260528\usrp\usrp_metrics.csv"
"usrp_realtime","usrp_realtime","log_final_summary","qam16_manual_25M_sym32","unknown","","","16qam","","","","0","0","13254","13176","78","0.0001877","0.005885","662.68","24.29","24.29","","","","","","","","","","0","0","yes","","unknown_or_no","","build\uhd_cpp_gpu_pipeline\logs\Test_before_2026_05_24_16_15\qam16_manual_25M_sym32.log"
"usrp_realtime","usrp_realtime","csv_row","usrp_metrics","DVB-S2 LDPC","DVB_S2_short_N16200_rate_1_2","1/2","16qam","CUDA BP","","","0","","821","821","0","","0","163.15","18.8","18.8","","","","","","","","","","","","","","n/a","","build\uhd_cpp_gpu_pipeline\logs\startup_amc_calibration_formal_20260528\usrp\usrp_metrics.csv"
"usrp_realtime","usrp_realtime","log_final_summary","DVB_S2_short_N16200_rate_1_2_16qam_cuda-bp_full_gpu_pipeline_usrp","DVB-S2 LDPC","DVB_S2_short_N16200_rate_1_2_16qam_cuda-bp_full_gpu_pipeline_usrp.log","1/2","16qam","CUDA BP","","","0","0","821","821","0","0","0","163.15","18.8","18.8","1.43","1.03","","0","0.15","","","","","16","0","no","","unknown_or_no","","build\uhd_cpp_gpu_pipeline\logs\startup_amc_calibration_formal_20260528\usrp\usrp\DVB_S2_short_N16200_rate_1_2_16qam_cuda-bp_full_gpu_pipeline_usrp.log"
"usrp_realtime","usrp_realtime","csv_row","full_gpu_passing_profiles","DVB-S2 LDPC","DVB_S2_short_N16200_rate_1_2","1/2","16qam","","","","","","821","","0","","0","","18.8","18.8","","","","","","","","","","","","","","n/a","","build\uhd_cpp_gpu_pipeline\logs\startup_amc_calibration_formal_20260528\usrp\full_gpu_passing_profiles.csv"
"usrp_realtime","usrp_realtime","csv_row","usrp_metrics","CCSDS LDPC","CCSDS_ldpc_n128_k64","0.5","16qam","CUDA BP-OSD","","","0","","4881","4881","0","","0","975.15","14.98","14.98","","","","","","","","","","","","","","n/a","","build\uhd_cpp_gpu_pipeline\logs\startup_amc_calibration_formal_20260528\usrp\usrp_metrics.csv"
"usrp_realtime","usrp_realtime","log_final_summary","CCSDS_ldpc_n128_k64_16qam_cuda-bp-osd_full_gpu_pipeline_usrp","CCSDS LDPC","CCSDS_ldpc_n128_k64","0.5","16qam","CUDA BP-OSD","","","0","0","4881","4881","0","0","0","975.15","14.98","14.98","0.16","0.05","","0","0.08","","","","","16","0","no","","unknown_or_no","","build\uhd_cpp_gpu_pipeline\logs\startup_amc_calibration_formal_20260528\usrp\usrp\CCSDS_ldpc_n128_k64_16qam_cuda-bp-osd_full_gpu_pipeline_usrp.log"
"usrp_realtime","usrp_realtime","csv_row","full_gpu_passing_profiles","CCSDS LDPC","CCSDS_ldpc_n128_k64","0.5","16qam","","","","","","4881","","0","","0","","14.98","14.98","","","","","","","","","","","","","","n/a","","build\uhd_cpp_gpu_pipeline\logs\startup_amc_calibration_formal_20260528\usrp\full_gpu_passing_profiles.csv"
"usrp_realtime","usrp_realtime","log_final_summary","CCSDS_ldpc_n512_k256_16qam_cuda-bp_full_gpu_pipeline_usrp","CCSDS LDPC","CCSDS_ldpc_n512_k256","0.5","16qam","CUDA BP","","","0","0","4720","4720","0","0","0","942.73","14.48","14.48","0.6","0.48","","0","0.08","","","","","16","0","no","","unknown_or_no","","build\uhd_cpp_gpu_pipeline\logs\startup_amc_calibration_formal_20260528\usrp\usrp\CCSDS_ldpc_n512_k256_16qam_cuda-bp_full_gpu_pipeline_usrp.log"
"usrp_realtime","usrp_realtime","csv_row","usrp_metrics","CCSDS LDPC","CCSDS_ldpc_n512_k256","0.5","16qam","CUDA BP","","","0","","4720","4720","0","","0","942.73","14.48","14.48","","","","","","","","","","","","","","n/a","","build\uhd_cpp_gpu_pipeline\logs\startup_amc_calibration_formal_20260528\usrp\usrp_metrics.csv"
"usrp_realtime","usrp_realtime","log_final_summary","usrp_16qam32_ui","unknown","","","16qam","","","","26.17","15.41","5235","5229","6","3.886E-07","0.001146","290.8","10.71","10.71","3.42","0.73","","0.42","1.62","","","","","8706","0","no","","unknown_or_no","","build\uhd_cpp_gpu_pipeline\logs\Test_before_2026_05_24_16_15\metric_eval_20260520\usrp_16qam32_ui\usrp_16qam32_ui.log"
"usrp_realtime","usrp_realtime","csv_row","usrp_metrics","DVB-S2 LDPC","DVB_S2_short_N16200_rate_1_4","1/4","16qam","CUDA BP","","","0","","840","840","0","","0","166.98","8.66","8.66","","","","","","","","","","","","","","n/a","","build\uhd_cpp_gpu_pipeline\logs\startup_amc_calibration_formal_20260528\usrp\usrp_metrics.csv"
"usrp_realtime","usrp_realtime","csv_row","full_gpu_passing_profiles","DVB-S2 LDPC","DVB_S2_short_N16200_rate_1_4","1/4","16qam","","","","","","840","","0","","0","","8.66","8.66","","","","","","","","","","","","","","n/a","","build\uhd_cpp_gpu_pipeline\logs\startup_amc_calibration_formal_20260528\usrp\full_gpu_passing_profiles.csv"
"usrp_realtime","usrp_realtime","log_final_summary","DVB_S2_short_N16200_rate_1_4_16qam_cuda-bp_full_gpu_pipeline_usrp","DVB-S2 LDPC","DVB_S2_short_N16200_rate_1_4_16qam_cuda-bp_full_gpu_pipeline_usrp.log","1/4","16qam","CUDA BP","","","0","0","840","840","0","0","0","166.98","8.66","8.66","1.19","0.96","","0","0.12","","","","","16","0","no","","unknown_or_no","","build\uhd_cpp_gpu_pipeline\logs\startup_amc_calibration_formal_20260528\usrp\usrp\DVB_S2_short_N16200_rate_1_4_16qam_cuda-bp_full_gpu_pipeline_usrp.log"
"usrp_realtime","usrp_realtime","log_final_summary","DVB_S2_short_N16200_rate_5_6_64qam_cuda-bp_full_gpu_pipeline_usrp","DVB-S2 LDPC","DVB_S2_short_N16200_rate_5_6_64qam_cuda-bp_full_gpu_pipeline_usrp.log","5/6","64qam","CUDA BP","","","0","0","105832","86966","18866","","0.1783","176.39","46.34","46.34","1.87","1.53","","0","0.34","","","","","2344","0","no","","unknown_or_no","","build\uhd_cpp_gpu_pipeline\logs\Test_before_2026_05_24_16_15\usrp_fullgpu_modulation_600s\usrp\DVB_S2_short_N16200_rate_5_6_64qam_cuda-bp_full_gpu_pipeline_usrp.log"
"usrp_realtime","usrp_realtime","csv_row","usrp_600s_mcs_comparison","DVB-S2 LDPC","DVB_S2_short_N16200_rate_5_6","5/6","64qam","CUDA BP","","","","","105832","86966","18866","","0.1783","176.39","46.34","46.34","","","","","","","","","","","","","","n/a","","build\uhd_cpp_gpu_pipeline\logs\integrated_results_20260527\usrp_600s_mcs_comparison.csv"
"usrp_realtime","usrp_realtime","log_final_summary","DVB_S2_short_N16200_rate_1_2_64qam_cuda-bp_full_gpu_pipeline_usrp","DVB-S2 LDPC","DVB_S2_short_N16200_rate_1_2_64qam_cuda-bp_full_gpu_pipeline_usrp.log","1/2","64qam","CUDA BP","","","0","0","870","870","0","0","0","172.95","29.89","29.89","2.06","1.34","","0","0.35","","","","","16","0","no","","unknown_or_no","","build\uhd_cpp_gpu_pipeline\logs\startup_amc_calibration_formal_20260528\usrp\usrp\DVB_S2_short_N16200_rate_1_2_64qam_cuda-bp_full_gpu_pipeline_usrp.log"
"usrp_realtime","usrp_realtime","csv_row","usrp_metrics","DVB-S2 LDPC","DVB_S2_short_N16200_rate_1_2","1/2","64qam","CUDA BP","","","0","","870","870","0","","0","172.95","29.89","29.89","","","","","","","","","","","","","","n/a","","build\uhd_cpp_gpu_pipeline\logs\startup_amc_calibration_formal_20260528\usrp\usrp_metrics.csv"
"usrp_realtime","usrp_realtime","csv_row","full_gpu_passing_profiles","DVB-S2 LDPC","DVB_S2_short_N16200_rate_1_2","1/2","64qam","","","","","","870","","0","","0","","29.89","29.89","","","","","","","","","","","","","","n/a","","build\uhd_cpp_gpu_pipeline\logs\startup_amc_calibration_formal_20260528\usrp\full_gpu_passing_profiles.csv"
"usrp_realtime","usrp_realtime","csv_row","usrp_metrics","CCSDS LDPC","CCSDS_ldpc_n128_k64","0.5","64qam","CUDA BP-OSD","","","0","","58763","58757","6","","0.0001021","979.35","22.56","22.56","","","","","","","","","","","","","","n/a","","build\uhd_cpp_gpu_pipeline\logs\startup_amc_selected_validation_20260528\short_throughput_ccsds128_64qam\usrp_metrics.csv"
"usrp_realtime","usrp_realtime","log_final_summary","CCSDS_ldpc_n128_k64_64qam_cuda-bp-osd_full_gpu_pipeline_usrp","CCSDS LDPC","CCSDS_ldpc_n128_k64","0.5","64qam","CUDA BP-OSD","","","0","0","58763","58757","6","6.057E-08","0.0001021","979.35","22.56","22.56","0.27","0.07","","0","0.15","","","","","236","0","no","","unknown_or_no","","build\uhd_cpp_gpu_pipeline\logs\startup_amc_selected_validation_20260528\short_throughput_ccsds128_64qam\usrp\CCSDS_ldpc_n128_k64_64qam_cuda-bp-osd_full_gpu_pipeline_usrp.log"
"usrp_realtime","usrp_realtime","csv_row","usrp_metrics","CCSDS LDPC","CCSDS_ldpc_n512_k256","0.5","64qam","CUDA BP","","","0","","4648","4629","19","","0.004088","929.3","21.32","21.32","","","","","","","","","","","","","","n/a","","build\uhd_cpp_gpu_pipeline\logs\startup_amc_calibration_formal_20260528\usrp\usrp_metrics.csv"
"usrp_realtime","usrp_realtime","log_final_summary","CCSDS_ldpc_n512_k256_64qam_cuda-bp_full_gpu_pipeline_usrp","CCSDS LDPC","CCSDS_ldpc_n512_k256","0.5","64qam","CUDA BP","","","0","0","4648","4629","19","0.0006814","0.004088","929.3","21.32","21.32","0.69","0.5","","0","0.14","","","","","16","0","no","","unknown_or_no","","build\uhd_cpp_gpu_pipeline\logs\startup_amc_calibration_formal_20260528\usrp\usrp\CCSDS_ldpc_n512_k256_64qam_cuda-bp_full_gpu_pipeline_usrp.log"
"usrp_realtime","usrp_realtime","csv_row","usrp_metrics","CCSDS LDPC","CCSDS_ldpc_n128_k64","0.5","64qam","CUDA BP-OSD","","","0","","4577","4577","0","","0","913.46","21.05","21.05","","","","","","","","","","","","","","n/a","","build\uhd_cpp_gpu_pipeline\logs\startup_amc_calibration_formal_20260528\usrp\usrp_metrics.csv"
"usrp_realtime","usrp_realtime","log_final_summary","CCSDS_ldpc_n128_k64_64qam_cuda-bp-osd_full_gpu_pipeline_usrp","CCSDS LDPC","CCSDS_ldpc_n128_k64","0.5","64qam","CUDA BP-OSD","","","0","0","4577","4577","0","0","0","913.46","21.05","21.05","0.27","0.08","","0","0.15","","","","","20","0","no","","unknown_or_no","","build\uhd_cpp_gpu_pipeline\logs\startup_amc_calibration_formal_20260528\usrp\usrp\CCSDS_ldpc_n128_k64_64qam_cuda-bp-osd_full_gpu_pipeline_usrp.log"
"usrp_realtime","usrp_realtime","csv_row","full_gpu_passing_profiles","CCSDS LDPC","CCSDS_ldpc_n128_k64","0.5","64qam","","","","","","4577","","0","","0","","21.05","21.05","","","","","","","","","","","","","","n/a","","build\uhd_cpp_gpu_pipeline\logs\startup_amc_calibration_formal_20260528\usrp\full_gpu_passing_profiles.csv"
"usrp_realtime","usrp_realtime","log_final_summary","qam64_manual_25M_sym32","unknown","","","64qam","","","","0","0","9663","7575","2088","0.02575","0.2161","483.12","20.94","20.94","","","","","","","","","","3098","0","no","","unknown_or_no","","build\uhd_cpp_gpu_pipeline\logs\Test_before_2026_05_24_16_15\qam64_manual_25M_sym32.log"
"usrp_realtime","usrp_realtime","csv_row","full_gpu_passing_profiles","DVB-S2 LDPC","DVB_S2_short_N16200_rate_1_4","1/4","64qam","","","","","","844","","0","","0","","13.12","13.12","","","","","","","","","","","","","","n/a","","build\uhd_cpp_gpu_pipeline\logs\startup_amc_calibration_formal_20260528\usrp\full_gpu_passing_profiles.csv"
"usrp_realtime","usrp_realtime","csv_row","usrp_metrics","DVB-S2 LDPC","DVB_S2_short_N16200_rate_1_4","1/4","64qam","CUDA BP","","","0","","844","844","0","","0","168.71","13.12","13.12","","","","","","","","","","","","","","n/a","","build\uhd_cpp_gpu_pipeline\logs\startup_amc_calibration_formal_20260528\usrp\usrp_metrics.csv"
"usrp_realtime","usrp_realtime","log_final_summary","DVB_S2_short_N16200_rate_1_4_64qam_cuda-bp_full_gpu_pipeline_usrp","DVB-S2 LDPC","DVB_S2_short_N16200_rate_1_4_64qam_cuda-bp_full_gpu_pipeline_usrp.log","1/4","64qam","CUDA BP","","","0","0","844","844","0","0","0","168.71","13.12","13.12","1.88","1.38","","0","0.33","","","","","16","0","no","","unknown_or_no","","build\uhd_cpp_gpu_pipeline\logs\startup_amc_calibration_formal_20260528\usrp\usrp\DVB_S2_short_N16200_rate_1_4_64qam_cuda-bp_full_gpu_pipeline_usrp.log"
"usrp_realtime","usrp_realtime","log_final_summary","04_n128k64_64qam_tx22_rx25","unknown","","","64qam","","","","","","300","267","33","0.0001013","0.11","22.83","3.37","3.37","","","","","","","","","","0","0","yes","","unknown_or_no","","build\uhd_cpp\sweep_gain_code_mod_20260511_141410\04_n128k64_64qam_tx22_rx25.log"
"usrp_realtime","usrp_realtime","log_final_summary","DVB_S2_short_N16200_rate_5_6_bpsk_cuda-bp_baseline_cpu_sync_gpu_fec_usrp","DVB-S2 LDPC","DVB_S2_short_N16200_rate_5_6_bpsk_cuda-bp_baseline_cpu_sync_gpu_fec_usrp.log","5/6","bpsk","CUDA BP","","","21.08","15.8","873","873","0","0","0","174.42","9.29","9.29","4.83","1.09","","1.57","1.06","","","","","16","0","no","","unknown_or_no","","build\uhd_cpp_gpu_pipeline\logs\startup_amc_calibration_formal_20260528\usrp\usrp\DVB_S2_short_N16200_rate_5_6_bpsk_cuda-bp_baseline_cpu_sync_gpu_fec_usrp.log"
"usrp_realtime","usrp_realtime","csv_row","usrp_metrics","DVB-S2 LDPC","DVB_S2_short_N16200_rate_5_6","5/6","bpsk","CUDA BP","","","21.08","","873","873","0","","0","174.42","9.29","9.29","","","","","","","","","","","","","","n/a","","build\uhd_cpp_gpu_pipeline\logs\startup_amc_calibration_formal_20260528\usrp\usrp_metrics.csv"
"usrp_realtime","usrp_realtime","csv_row","full_gpu_passing_profiles","DVB-S2 LDPC","DVB_S2_short_N16200_rate_5_6","5/6","bpsk","","","","","","830","","0","","0","","8.8","8.8","","","","","","","","","","","","","","n/a","","build\uhd_cpp_gpu_pipeline\logs\startup_amc_calibration_formal_20260528\usrp\full_gpu_passing_profiles.csv"
"usrp_realtime","usrp_realtime","log_final_summary","bpsk_manual_25M_sym32","unknown","","","bpsk","","","","0","0","13199","13198","1","1.315E-07","7.576E-05","659.9","6.08","6.08","","","","","","","","","","0","0","yes","","unknown_or_no","","build\uhd_cpp_gpu_pipeline\logs\Test_before_2026_05_24_16_15\bpsk_manual_25M_sym32.log"
"usrp_realtime","usrp_realtime","log_final_summary","usrp_bpsk32_gpu_no_ui","unknown","","","bpsk","","","","0","0","9849","9848","1","1.102E-07","0.0001015","656.51","6.05","6.05","0.58","0.49","","0","0.07","","","","","56","0","no","","unknown_or_no","","build\uhd_cpp_gpu_pipeline\logs\Test_before_2026_05_24_16_15\metric_eval_20260520\usrp_bpsk32_gpu_no_ui\usrp_bpsk32_gpu_no_ui.log"
"usrp_realtime","usrp_realtime","log_final_summary","DVB_S2_short_N16200_rate_1_2_bpsk_cuda-bp_full_gpu_pipeline_usrp","DVB-S2 LDPC","DVB_S2_short_N16200_rate_1_2_bpsk_cuda-bp_full_gpu_pipeline_usrp.log","1/2","bpsk","CUDA BP","","","0","0","813","813","0","0","0","161.55","4.65","4.65","0.91","0.77","","0","0.08","","","","","16","0","no","","unknown_or_no","","build\uhd_cpp_gpu_pipeline\logs\startup_amc_calibration_formal_20260528\usrp\usrp\DVB_S2_short_N16200_rate_1_2_bpsk_cuda-bp_full_gpu_pipeline_usrp.log"
"usrp_realtime","usrp_realtime","csv_row","full_gpu_passing_profiles","DVB-S2 LDPC","DVB_S2_short_N16200_rate_1_2","1/2","bpsk","","","","","","813","","0","","0","","4.65","4.65","","","","","","","","","","","","","","n/a","","build\uhd_cpp_gpu_pipeline\logs\startup_amc_calibration_formal_20260528\usrp\full_gpu_passing_profiles.csv"
"usrp_realtime","usrp_realtime","csv_row","usrp_metrics","DVB-S2 LDPC","DVB_S2_short_N16200_rate_1_2","1/2","bpsk","CUDA BP","","","0","","813","813","0","","0","161.55","4.65","4.65","","","","","","","","","","","","","","n/a","","build\uhd_cpp_gpu_pipeline\logs\startup_amc_calibration_formal_20260528\usrp\usrp_metrics.csv"
"usrp_realtime","usrp_realtime","log_final_summary","CCSDS_ldpc_n512_k256_bpsk_cuda-bp_baseline_cpu_sync_gpu_fec_usrp","CCSDS LDPC","CCSDS_ldpc_n512_k256","0.5","bpsk","CUDA BP","","","19.4","12.35","4916","4916","0","0","0","982.96","3.77","3.77","0.93","0.37","","0.26","0.13","","","","","16","0","no","","unknown_or_no","","build\uhd_cpp_gpu_pipeline\logs\startup_amc_calibration_formal_20260528\usrp\usrp\CCSDS_ldpc_n512_k256_bpsk_cuda-bp_baseline_cpu_sync_gpu_fec_usrp.log"
"usrp_realtime","usrp_realtime","log_final_summary","CCSDS_ldpc_n256_k128_bpsk_cuda-bp-osd_baseline_cpu_sync_gpu_fec_usrp","CCSDS LDPC","CCSDS_ldpc_n256_k128","0.5","bpsk","CUDA BP-OSD","","","19.49","12.62","4914","4914","0","0","0","982.58","3.77","3.77","0.82","0.27","","0.26","0.13","","","","","16","0","no","","unknown_or_no","","build\uhd_cpp_gpu_pipeline\logs\startup_amc_calibration_formal_20260528\usrp\usrp\CCSDS_ldpc_n256_k128_bpsk_cuda-bp-osd_baseline_cpu_sync_gpu_fec_usrp.log"
"usrp_realtime","usrp_realtime","csv_row","usrp_metrics","CCSDS LDPC","CCSDS_ldpc_n256_k128","0.5","bpsk","CUDA BP-OSD","","","19.49","","4914","4914","0","","0","982.58","3.77","3.77","","","","","","","","","","","","","","n/a","","build\uhd_cpp_gpu_pipeline\logs\startup_amc_calibration_formal_20260528\usrp\usrp_metrics.csv"
"usrp_realtime","usrp_realtime","csv_row","usrp_metrics","CCSDS LDPC","CCSDS_ldpc_n512_k256","0.5","bpsk","CUDA BP","","","19.4","","4916","4916","0","","0","982.96","3.77","3.77","","","","","","","","","","","","","","n/a","","build\uhd_cpp_gpu_pipeline\logs\startup_amc_calibration_formal_20260528\usrp\usrp_metrics.csv"
"usrp_realtime","usrp_realtime","csv_row","full_gpu_passing_profiles","CCSDS LDPC","CCSDS_ldpc_n512_k256","0.5","bpsk","","","","","","4728","","0","","0","","3.63","3.63","","","","","","","","","","","","","","n/a","","build\uhd_cpp_gpu_pipeline\logs\startup_amc_calibration_formal_20260528\usrp\full_gpu_passing_profiles.csv"
"usrp_realtime","usrp_realtime","log_final_summary","01_n128k64_bpsk_tx22_rx25","unknown","","","bpsk","","","","","","300","300","0","0","0","117.08","3.24","3.24","","","","","","","","","","0","0","yes","","unknown_or_no","","build\uhd_cpp\sweep_gain_code_mod_20260511_141410\01_n128k64_bpsk_tx22_rx25.log"
"usrp_realtime","usrp_realtime","log_final_summary","05_n512k256_bpsk_tx22_rx25","unknown","","","bpsk","","","","","","300","300","0","0","0","116.66","3.23","3.23","","","","","","","","","","0","0","yes","","unknown_or_no","","build\uhd_cpp\sweep_gain_code_mod_20260511_141410\05_n512k256_bpsk_tx22_rx25.log"
"usrp_realtime","usrp_realtime","log_final_summary","DVB_S2_short_N16200_rate_1_4_bpsk_cuda-bp_baseline_cpu_sync_gpu_fec_usrp","DVB-S2 LDPC","DVB_S2_short_N16200_rate_1_4_bpsk_cuda-bp_baseline_cpu_sync_gpu_fec_usrp.log","1/4","bpsk","CUDA BP","","","21.05","18.58","874","874","0","0","0","174.62","2.26","2.26","4.96","1.23","","1.58","1.06","","","","","20","0","no","","unknown_or_no","","build\uhd_cpp_gpu_pipeline\logs\startup_amc_calibration_formal_20260528\usrp\usrp\DVB_S2_short_N16200_rate_1_4_bpsk_cuda-bp_baseline_cpu_sync_gpu_fec_usrp.log"
"usrp_realtime","usrp_realtime","csv_row","usrp_metrics","DVB-S2 LDPC","DVB_S2_short_N16200_rate_1_4","1/4","bpsk","CUDA BP","","","21.05","","874","874","0","","0","174.62","2.26","2.26","","","","","","","","","","","","","","n/a","","build\uhd_cpp_gpu_pipeline\logs\startup_amc_calibration_formal_20260528\usrp\usrp_metrics.csv"
"usrp_realtime","usrp_realtime","csv_row","full_gpu_passing_profiles","DVB-S2 LDPC","DVB_S2_short_N16200_rate_1_4","1/4","bpsk","","","","","","830","","0","","0","","2.14","2.14","","","","","","","","","","","","","","n/a","","build\uhd_cpp_gpu_pipeline\logs\startup_amc_calibration_formal_20260528\usrp\full_gpu_passing_profiles.csv"
"usrp_realtime","usrp_realtime","log_final_summary","trx_dynamic_mod_10s_v3","unknown","","","qpsk","","","","0","0","1753","1753","0","","0","174.84","36.33","36.33","1.48","1.35","","0","0.13","","","","","36","0","no","","yes","637","build\uhd_cpp_gpu_pipeline\logs\dynamic_modulation_acceptance_20260528\trx_dynamic_mod_10s_v3.log"
"usrp_realtime","usrp_realtime","log_final_summary","usrp_trx_gpu_ui_repeat2","unknown","","","qpsk","","","","0","0","6960","6960","0","","0","177.47","18.91","18.91","1.07","0.93","","0","0.14","","","","","148","0","no","","yes","46199049","Ai_process_V2\logs\baseband\task_driven_roi_layered_ui\usrp_gpu_ui_rerun_20260527_234627\usrp_trx_gpu_ui_repeat2.log"
"usrp_realtime","usrp_realtime","csv_row","usrp_gain_frame_metrics","DVB-S2 LDPC","DVB_S2_short_N16200_rate_5_6","5/6","qpsk","","","","","","10653","10653","0","0","0","177.44","18.91","18.91","","","","","","","","","","","","","","n/a","","build\uhd_cpp_gpu_pipeline\logs\usrp_tx_queue128_sc16_highprio_25msps_cp128_r56_tx23_rx24_60s_20260526\usrp_gain_frame_metrics.csv"
"usrp_realtime","usrp_realtime","csv_row","usrp_gain_frame_metrics","DVB-S2 LDPC","DVB_S2_short_N16200_rate_5_6","5/6","qpsk","","","","","","10630","10627","3","1.589E-08","0.0002822","177.12","18.87","18.87","","","","","","","","","","","","","","n/a","","build\uhd_cpp_gpu_pipeline\logs\usrp_min_gain_final_tx11_rx14_25msps_60s_20260526\usrp_gain_frame_metrics.csv"
"usrp_realtime","usrp_realtime","csv_row","usrp_gain_frame_metrics","DVB-S2 LDPC","DVB_S2_short_N16200_rate_5_6","5/6","qpsk","","","","","","3533","3533","0","0","0","176.61","18.82","18.82","","","","","","","","","","","","","","n/a","","build\uhd_cpp_gpu_pipeline\logs\usrp_tx_queue128_sc16_highprio_25msps_cp128_r56_tx23_rx24_20s_20260526\usrp_gain_frame_metrics.csv"
"usrp_realtime","usrp_realtime","log_final_summary","DVB_S2_short_N16200_rate_5_6_qpsk_cuda-bp_full_gpu_pipeline_usrp","DVB-S2 LDPC","DVB_S2_short_N16200_rate_5_6_qpsk_cuda-bp_full_gpu_pipeline_usrp.log","5/6","qpsk","CUDA BP","","","0","0","873","873","0","0","0","173.48","18.49","18.49","1.22","0.87","","0","0.12","","","","","16","0","no","","unknown_or_no","","build\uhd_cpp_gpu_pipeline\logs\startup_amc_calibration_formal_20260528\usrp\usrp\DVB_S2_short_N16200_rate_5_6_qpsk_cuda-bp_full_gpu_pipeline_usrp.log"
"usrp_realtime","usrp_realtime","csv_row","usrp_metrics","DVB-S2 LDPC","DVB_S2_short_N16200_rate_5_6","5/6","qpsk","CUDA BP","","","0","","873","873","0","","0","173.48","18.49","18.49","","","","","","","","","","","","","","n/a","","build\uhd_cpp_gpu_pipeline\logs\startup_amc_calibration_formal_20260528\usrp\usrp_metrics.csv"
"usrp_realtime","usrp_realtime","log_final_summary","DVB_S2_short_N16200_rate_1_2_qpsk_cuda-bp_full_gpu_pipeline_usrp","DVB-S2 LDPC","DVB_S2_short_N16200_rate_1_2_qpsk_cuda-bp_full_gpu_pipeline_usrp.log","1/2","qpsk","CUDA BP","","","0","0","10656","10656","0","0","0","177.52","10.22","10.22","1.47","1.19","","0","0.16","","","","","232","0","no","","unknown_or_no","","build\uhd_cpp_gpu_pipeline\logs\startup_amc_selected_validation_20260528\stream_reliability_dvbs2_r12_qpsk\usrp\DVB_S2_short_N16200_rate_1_2_qpsk_cuda-bp_full_gpu_pipeline_usrp.log"
"usrp_realtime","usrp_realtime","csv_row","usrp_metrics","DVB-S2 LDPC","DVB_S2_short_N16200_rate_1_2","1/2","qpsk","CUDA BP","","","0","","10656","10656","0","","0","177.52","10.22","10.22","","","","","","","","","","","","","","n/a","","build\uhd_cpp_gpu_pipeline\logs\startup_amc_selected_validation_20260528\stream_reliability_dvbs2_r12_qpsk\usrp_metrics.csv"
"usrp_realtime","usrp_realtime","csv_row","full_gpu_passing_profiles","DVB-S2 LDPC","DVB_S2_short_N16200_rate_1_2","1/2","qpsk","","","","","","821","","0","","0","","9.42","9.42","","","","","","","","","","","","","","n/a","","build\uhd_cpp_gpu_pipeline\logs\startup_amc_calibration_formal_20260528\usrp\full_gpu_passing_profiles.csv"
"usrp_realtime","usrp_realtime","log_final_summary","CCSDS_ldpc_n128_k64_qpsk_cuda-bp-osd_full_gpu_pipeline_usrp","CCSDS LDPC","CCSDS_ldpc_n128_k64","0.5","qpsk","CUDA BP-OSD","","","0","0","59137","59137","0","0","0","985.51","7.57","7.57","0.11","0.03","","0","0.06","","","","","236","0","no","","unknown_or_no","","build\uhd_cpp_gpu_pipeline\logs\startup_amc_selected_validation_20260528\short_reliability_ccsds128_qpsk\usrp\CCSDS_ldpc_n128_k64_qpsk_cuda-bp-osd_full_gpu_pipeline_usrp.log"
"usrp_realtime","usrp_realtime","csv_row","usrp_metrics","CCSDS LDPC","CCSDS_ldpc_n128_k64","0.5","qpsk","CUDA BP-OSD","","","0","","59137","59137","0","","0","985.51","7.57","7.57","","","","","","","","","","","","","","n/a","","build\uhd_cpp_gpu_pipeline\logs\startup_amc_selected_validation_20260528\short_reliability_ccsds128_qpsk\usrp_metrics.csv"
"usrp_realtime","usrp_realtime","log_final_summary","CCSDS_ldpc_n512_k256_qpsk_cuda-bp_full_gpu_pipeline_usrp","CCSDS LDPC","CCSDS_ldpc_n512_k256","0.5","qpsk","CUDA BP","","","0","0","4620","4620","0","0","0","922.44","7.08","7.08","0.53","0.45","","0","0.06","","","","","16","0","no","","unknown_or_no","","build\uhd_cpp_gpu_pipeline\logs\startup_amc_calibration_formal_20260528\usrp\usrp\CCSDS_ldpc_n512_k256_qpsk_cuda-bp_full_gpu_pipeline_usrp.log"
"usrp_realtime","usrp_realtime","csv_row","usrp_metrics","CCSDS LDPC","CCSDS_ldpc_n512_k256","0.5","qpsk","CUDA BP","","","0","","4620","4620","0","","0","922.44","7.08","7.08","","","","","","","","","","","","","","n/a","","build\uhd_cpp_gpu_pipeline\logs\startup_amc_calibration_formal_20260528\usrp\usrp_metrics.csv"
"usrp_realtime","usrp_realtime","csv_row","full_gpu_passing_profiles","CCSDS LDPC","CCSDS_ldpc_n512_k256","0.5","qpsk","","","","","","4620","","0","","0","","7.08","7.08","","","","","","","","","","","","","","n/a","","build\uhd_cpp_gpu_pipeline\logs\startup_amc_calibration_formal_20260528\usrp\full_gpu_passing_profiles.csv"
"usrp_realtime","usrp_realtime","csv_row","usrp_12p5msps_code_comparison","DVB-S2 LDPC","DVB_S2_N64800_R12","","qpsk","CUDA BP","","","","","18001","17947","54","","0.003","89.97","5.81","5.81","","","","","","","","","","","","","","n/a","","build\uhd_cpp_gpu_pipeline\logs\integrated_results_20260527\usrp_12p5msps_code_comparison.csv"
"usrp_realtime","usrp_realtime","log_final_summary","DVB_S2_N64800_R12_qpsk_cuda-bp_full_gpu_pipeline_usrp","DVB-S2 LDPC","DVB_S2_N64800_R12_qpsk_cuda-bp_full_gpu_pipeline_usrp.log","","qpsk","CUDA BP","","","0","0","18001","17947","54","0.0004164","0.003","89.97","5.81","5.81","1.99","1.64","","0","0.2","","","","","772","0","no","","unknown_or_no","","build\uhd_cpp_gpu_pipeline\logs\usrp_qpsk_dvbs2_12p5m_200s_20260524_170156\usrp\DVB_S2_N64800_R12_qpsk_cuda-bp_full_gpu_pipeline_usrp.log"
"usrp_realtime","usrp_realtime","csv_row","usrp_metrics","DVB-S2 LDPC","DVB_S2_short_N16200_rate_1_4","1/4","qpsk","CUDA BP","","","0","","853","853","0","","0","169.9","4.4","4.4","","","","","","","","","","","","","","n/a","","build\uhd_cpp_gpu_pipeline\logs\startup_amc_calibration_formal_20260528\usrp\usrp_metrics.csv"
"usrp_realtime","usrp_realtime","log_final_summary","DVB_S2_short_N16200_rate_1_4_qpsk_cuda-bp_full_gpu_pipeline_usrp","DVB-S2 LDPC","DVB_S2_short_N16200_rate_1_4_qpsk_cuda-bp_full_gpu_pipeline_usrp.log","1/4","qpsk","CUDA BP","","","0","0","853","853","0","0","0","169.9","4.4","4.4","1.12","0.95","","0","0.12","","","","","16","0","no","","unknown_or_no","","build\uhd_cpp_gpu_pipeline\logs\startup_amc_calibration_formal_20260528\usrp\usrp\DVB_S2_short_N16200_rate_1_4_qpsk_cuda-bp_full_gpu_pipeline_usrp.log"
"usrp_realtime","usrp_realtime","csv_row","full_gpu_passing_profiles","DVB-S2 LDPC","DVB_S2_short_N16200_rate_1_4","1/4","qpsk","","","","","","853","","0","","0","","4.4","4.4","","","","","","","","","","","","","","n/a","","build\uhd_cpp_gpu_pipeline\logs\startup_amc_calibration_formal_20260528\usrp\full_gpu_passing_profiles.csv"
"usrp_realtime","usrp_realtime","csv_row","usrp_gain_frame_metrics","DVB-S2 LDPC","DVB_S2_short_N16200_rate_1_2","1/2","qpsk","","","","","","21918","21898","20","2.984E-05","0.0009125","110.66","3.18","3.18","","","","","","","","","","","","","","n/a","","build\uhd_cpp_gpu_pipeline\logs\step2_qpsk_r12_125m_gpu_rx\usrp_gain_frame_metrics.csv"
"usrp_realtime","usrp_realtime","csv_row","usrp_gain_frame_metrics","DVB-S2 LDPC","DVB_S2_short_N16200_rate_1_4","1/4","qpsk","","","","","","3652","3652","0","0","0","182.37","2.36","2.36","","","","","","","","","","","","","","n/a","","build\uhd_cpp_gpu_pipeline\logs\usrp_gain_frame_onefactor_20260525_182549\usrp_gain_frame_metrics.csv"
"usrp_realtime","usrp_realtime","log_final_summary","rx","DVB-S2 LDPC","","","qpsk","","","","13.46","-10.7","2301","2285","16","0.001911","0.006953","31.56","1.67","1.67","","","","","","","","","","0","0","yes","","unknown_or_no","","build\uhd_cpp_gpu_pipeline\logs\usrp_dvbs2_r14_manual\rx.log"
"usrp_realtime","usrp_realtime","log_final_summary","rx","DVB-S2 LDPC","","","qpsk","","","","14.16","6.51","5374","5357","17","9.476E-07","0.003163","85.89","1.11","1.11","","","","","","","","","","0","0","yes","","unknown_or_no","","build\uhd_cpp_gpu_pipeline\logs\usrp_dvbs2_r14_125m_sym96_clean\rx.log"
"usrp_realtime","usrp_realtime","log_final_summary","rx","unknown","","20260529/115848","qpsk","","","","10.35","0.88","2364","1888","476","0.008649","0.2014","19.7","0.14","0.14","","","","","","","","","","0","0","yes","","unknown_or_no","","build\uhd_cpp_gpu_pipeline\logs\usrp_two_device_lowrate_20260529_115848\rx.log"
